[
{
  "model": "admin.logentry",
  "pk": 1,
  "fields": {
    "action_time": "2025-01-10T15:22:01.471Z",
    "user": 1,
    "content_type": 4,
    "object_id": "3",
    "object_repr": "alexkoch",
    "action_flag": 2,
    "change_message": "[{\"changed\": {\"fields\": [\"password\"]}}]"
  }
},
{
  "model": "admin.logentry",
  "pk": 2,
  "fields": {
    "action_time": "2025-01-10T15:55:58.221Z",
    "user": 1,
    "content_type": 4,
    "object_id": "3",
    "object_repr": "alexkoch",
    "action_flag": 2,
    "change_message": "[{\"changed\": {\"fields\": [\"password\"]}}]"
  }
},
{
  "model": "admin.logentry",
  "pk": 3,
  "fields": {
    "action_time": "2025-01-10T23:25:36.842Z",
    "user": 3,
    "content_type": 7,
    "object_id": "1",
    "object_repr": "╨юч√",
    "action_flag": 1,
    "change_message": "[{\"added\": {}}]"
  }
},
{
  "model": "admin.logentry",
  "pk": 4,
  "fields": {
    "action_time": "2025-01-10T23:26:10.581Z",
    "user": 3,
    "content_type": 7,
    "object_id": "2",
    "object_repr": "╥■ы№ярэ√",
    "action_flag": 1,
    "change_message": "[{\"added\": {}}]"
  }
},
{
  "model": "admin.logentry",
  "pk": 5,
  "fields": {
    "action_time": "2025-01-10T23:26:32.136Z",
    "user": 3,
    "content_type": 7,
    "object_id": "3",
    "object_repr": "┴єъхЄ√",
    "action_flag": 1,
    "change_message": "[{\"added\": {}}]"
  }
},
{
  "model": "admin.logentry",
  "pk": 6,
  "fields": {
    "action_time": "2025-01-10T23:27:25.909Z",
    "user": 3,
    "content_type": 9,
    "object_id": "1",
    "object_repr": "╨ючр ъЁрёэр ",
    "action_flag": 1,
    "change_message": "[{\"added\": {}}]"
  }
},
{
  "model": "admin.logentry",
  "pk": 7,
  "fields": {
    "action_time": "2025-01-10T23:27:57.484Z",
    "user": 3,
    "content_type": 9,
    "object_id": "2",
    "object_repr": "╨ючр схыр ",
    "action_flag": 1,
    "change_message": "[{\"added\": {}}]"
  }
},
{
  "model": "admin.logentry",
  "pk": 8,
  "fields": {
    "action_time": "2025-01-10T23:28:23.134Z",
    "user": 3,
    "content_type": 9,
    "object_id": "3",
    "object_repr": "╥■ы№ярэ√ схы√х",
    "action_flag": 1,
    "change_message": "[{\"added\": {}}]"
  }
},
{
  "model": "admin.logentry",
  "pk": 9,
  "fields": {
    "action_time": "2025-01-10T23:29:02.923Z",
    "user": 3,
    "content_type": 9,
    "object_id": "4",
    "object_repr": "┴єъхЄ ╫хЁэшўэ√щ яшЁюу",
    "action_flag": 1,
    "change_message": "[{\"added\": {}}]"
  }
},
{
  "model": "admin.logentry",
  "pk": 10,
  "fields": {
    "action_time": "2025-01-13T23:04:46.537Z",
    "user": 3,
    "content_type": 8,
    "object_id": "100",
    "object_repr": "╟рърч 100 юЄ alexkoch (╤ЄрЄєё: ┬ фюёЄртъх)",
    "action_flag": 3,
    "change_message": ""
  }
},
{
  "model": "admin.logentry",
  "pk": 11,
  "fields": {
    "action_time": "2025-01-13T23:04:46.537Z",
    "user": 3,
    "content_type": 8,
    "object_id": "99",
    "object_repr": "╟рърч 99 юЄ admin (╤ЄрЄєё: ┬ фюёЄртъх)",
    "action_flag": 3,
    "change_message": ""
  }
},
{
  "model": "admin.logentry",
  "pk": 12,
  "fields": {
    "action_time": "2025-01-13T23:04:46.537Z",
    "user": 3,
    "content_type": 8,
    "object_id": "98",
    "object_repr": "╟рърч 98 юЄ admin (╤ЄрЄєё: ╧Ёшэ Є ъ ЁрсюЄх)",
    "action_flag": 3,
    "change_message": ""
  }
},
{
  "model": "admin.logentry",
  "pk": 13,
  "fields": {
    "action_time": "2025-01-13T23:04:46.537Z",
    "user": 3,
    "content_type": 8,
    "object_id": "97",
    "object_repr": "╟рърч 97 юЄ admin (╤ЄрЄєё: ╧Ёшэ Є ъ ЁрсюЄх)",
    "action_flag": 3,
    "change_message": ""
  }
},
{
  "model": "admin.logentry",
  "pk": 14,
  "fields": {
    "action_time": "2025-01-13T23:04:46.538Z",
    "user": 3,
    "content_type": 8,
    "object_id": "96",
    "object_repr": "╟рърч 96 юЄ admin (╤ЄрЄєё: ╧Ёшэ Є ъ ЁрсюЄх)",
    "action_flag": 3,
    "change_message": ""
  }
},
{
  "model": "admin.logentry",
  "pk": 15,
  "fields": {
    "action_time": "2025-01-13T23:04:46.538Z",
    "user": 3,
    "content_type": 8,
    "object_id": "95",
    "object_repr": "╟рърч 95 юЄ admin (╤ЄрЄєё: ╧Ёшэ Є ъ ЁрсюЄх)",
    "action_flag": 3,
    "change_message": ""
  }
},
{
  "model": "admin.logentry",
  "pk": 16,
  "fields": {
    "action_time": "2025-01-13T23:04:46.538Z",
    "user": 3,
    "content_type": 8,
    "object_id": "94",
    "object_repr": "╟рърч 94 юЄ admin (╤ЄрЄєё: ╧Ёшэ Є ъ ЁрсюЄх)",
    "action_flag": 3,
    "change_message": ""
  }
},
{
  "model": "admin.logentry",
  "pk": 17,
  "fields": {
    "action_time": "2025-01-13T23:04:46.538Z",
    "user": 3,
    "content_type": 8,
    "object_id": "93",
    "object_repr": "╟рърч 93 юЄ admin (╤ЄрЄєё: ═ют√щ)",
    "action_flag": 3,
    "change_message": ""
  }
},
{
  "model": "admin.logentry",
  "pk": 18,
  "fields": {
    "action_time": "2025-01-13T23:04:46.538Z",
    "user": 3,
    "content_type": 8,
    "object_id": "92",
    "object_repr": "╟рърч 92 юЄ admin (╤ЄрЄєё: ═ют√щ)",
    "action_flag": 3,
    "change_message": ""
  }
},
{
  "model": "admin.logentry",
  "pk": 19,
  "fields": {
    "action_time": "2025-01-13T23:04:46.538Z",
    "user": 3,
    "content_type": 8,
    "object_id": "91",
    "object_repr": "╟рърч 91 юЄ admin (╤ЄрЄєё: ═ют√щ)",
    "action_flag": 3,
    "change_message": ""
  }
},
{
  "model": "admin.logentry",
  "pk": 20,
  "fields": {
    "action_time": "2025-01-13T23:04:46.538Z",
    "user": 3,
    "content_type": 8,
    "object_id": "90",
    "object_repr": "╟рърч 90 юЄ admin (╤ЄрЄєё: ═ют√щ)",
    "action_flag": 3,
    "change_message": ""
  }
},
{
  "model": "admin.logentry",
  "pk": 21,
  "fields": {
    "action_time": "2025-01-13T23:04:46.538Z",
    "user": 3,
    "content_type": 8,
    "object_id": "89",
    "object_repr": "╟рърч 89 юЄ admin (╤ЄрЄєё: ═ют√щ)",
    "action_flag": 3,
    "change_message": ""
  }
},
{
  "model": "admin.logentry",
  "pk": 22,
  "fields": {
    "action_time": "2025-01-13T23:04:46.538Z",
    "user": 3,
    "content_type": 8,
    "object_id": "88",
    "object_repr": "╟рърч 88 юЄ admin (╤ЄрЄєё: ═ют√щ)",
    "action_flag": 3,
    "change_message": ""
  }
},
{
  "model": "admin.logentry",
  "pk": 23,
  "fields": {
    "action_time": "2025-01-13T23:04:46.538Z",
    "user": 3,
    "content_type": 8,
    "object_id": "87",
    "object_repr": "╟рърч 87 юЄ admin (╤ЄрЄєё: ╧Ёшэ Є ъ ЁрсюЄх)",
    "action_flag": 3,
    "change_message": ""
  }
},
{
  "model": "admin.logentry",
  "pk": 24,
  "fields": {
    "action_time": "2025-01-13T23:04:46.538Z",
    "user": 3,
    "content_type": 8,
    "object_id": "86",
    "object_repr": "╟рърч 86 юЄ admin (╤ЄрЄєё: ╧Ёшэ Є ъ ЁрсюЄх)",
    "action_flag": 3,
    "change_message": ""
  }
},
{
  "model": "admin.logentry",
  "pk": 25,
  "fields": {
    "action_time": "2025-01-13T23:04:46.538Z",
    "user": 3,
    "content_type": 8,
    "object_id": "85",
    "object_repr": "╟рърч 85 юЄ admin (╤ЄрЄєё: ╧Ёшэ Є ъ ЁрсюЄх)",
    "action_flag": 3,
    "change_message": ""
  }
},
{
  "model": "admin.logentry",
  "pk": 26,
  "fields": {
    "action_time": "2025-01-13T23:04:46.538Z",
    "user": 3,
    "content_type": 8,
    "object_id": "84",
    "object_repr": "╟рърч 84 юЄ admin (╤ЄрЄєё: ╧Ёшэ Є ъ ЁрсюЄх)",
    "action_flag": 3,
    "change_message": ""
  }
},
{
  "model": "admin.logentry",
  "pk": 27,
  "fields": {
    "action_time": "2025-01-13T23:04:46.538Z",
    "user": 3,
    "content_type": 8,
    "object_id": "83",
    "object_repr": "╟рърч 83 юЄ admin (╤ЄрЄєё: ╧Ёшэ Є ъ ЁрсюЄх)",
    "action_flag": 3,
    "change_message": ""
  }
},
{
  "model": "admin.logentry",
  "pk": 28,
  "fields": {
    "action_time": "2025-01-13T23:04:46.538Z",
    "user": 3,
    "content_type": 8,
    "object_id": "82",
    "object_repr": "╟рърч 82 юЄ admin (╤ЄрЄєё: ╧Ёшэ Є ъ ЁрсюЄх)",
    "action_flag": 3,
    "change_message": ""
  }
},
{
  "model": "admin.logentry",
  "pk": 29,
  "fields": {
    "action_time": "2025-01-13T23:04:46.538Z",
    "user": 3,
    "content_type": 8,
    "object_id": "81",
    "object_repr": "╟рърч 81 юЄ admin (╤ЄрЄєё: ╧Ёшэ Є ъ ЁрсюЄх)",
    "action_flag": 3,
    "change_message": ""
  }
},
{
  "model": "admin.logentry",
  "pk": 30,
  "fields": {
    "action_time": "2025-01-13T23:04:46.538Z",
    "user": 3,
    "content_type": 8,
    "object_id": "80",
    "object_repr": "╟рърч 80 юЄ admin (╤ЄрЄєё: ╧Ёшэ Є ъ ЁрсюЄх)",
    "action_flag": 3,
    "change_message": ""
  }
},
{
  "model": "admin.logentry",
  "pk": 31,
  "fields": {
    "action_time": "2025-01-13T23:04:46.538Z",
    "user": 3,
    "content_type": 8,
    "object_id": "79",
    "object_repr": "╟рърч 79 юЄ admin (╤ЄрЄєё: ╧Ёшэ Є ъ ЁрсюЄх)",
    "action_flag": 3,
    "change_message": ""
  }
},
{
  "model": "admin.logentry",
  "pk": 32,
  "fields": {
    "action_time": "2025-01-13T23:04:46.538Z",
    "user": 3,
    "content_type": 8,
    "object_id": "78",
    "object_repr": "╟рърч 78 юЄ admin (╤ЄрЄєё: ╧Ёшэ Є ъ ЁрсюЄх)",
    "action_flag": 3,
    "change_message": ""
  }
},
{
  "model": "admin.logentry",
  "pk": 33,
  "fields": {
    "action_time": "2025-01-13T23:04:46.538Z",
    "user": 3,
    "content_type": 8,
    "object_id": "77",
    "object_repr": "╟рърч 77 юЄ admin (╤ЄрЄєё: ╧Ёшэ Є ъ ЁрсюЄх)",
    "action_flag": 3,
    "change_message": ""
  }
},
{
  "model": "admin.logentry",
  "pk": 34,
  "fields": {
    "action_time": "2025-01-13T23:04:46.538Z",
    "user": 3,
    "content_type": 8,
    "object_id": "76",
    "object_repr": "╟рърч 76 юЄ admin (╤ЄрЄєё: ┬√яюыэхэ)",
    "action_flag": 3,
    "change_message": ""
  }
},
{
  "model": "admin.logentry",
  "pk": 35,
  "fields": {
    "action_time": "2025-01-13T23:04:46.538Z",
    "user": 3,
    "content_type": 8,
    "object_id": "75",
    "object_repr": "╟рърч 75 юЄ admin (╤ЄрЄєё: ╧Ёшэ Є ъ ЁрсюЄх)",
    "action_flag": 3,
    "change_message": ""
  }
},
{
  "model": "admin.logentry",
  "pk": 36,
  "fields": {
    "action_time": "2025-01-13T23:04:46.538Z",
    "user": 3,
    "content_type": 8,
    "object_id": "74",
    "object_repr": "╟рърч 74 юЄ admin (╤ЄрЄєё: ╧Ёшэ Є ъ ЁрсюЄх)",
    "action_flag": 3,
    "change_message": ""
  }
},
{
  "model": "admin.logentry",
  "pk": 37,
  "fields": {
    "action_time": "2025-01-13T23:04:46.538Z",
    "user": 3,
    "content_type": 8,
    "object_id": "73",
    "object_repr": "╟рърч 73 юЄ admin (╤ЄрЄєё: ╧Ёшэ Є ъ ЁрсюЄх)",
    "action_flag": 3,
    "change_message": ""
  }
},
{
  "model": "admin.logentry",
  "pk": 38,
  "fields": {
    "action_time": "2025-01-13T23:04:46.538Z",
    "user": 3,
    "content_type": 8,
    "object_id": "72",
    "object_repr": "╟рърч 72 юЄ admin (╤ЄрЄєё: ╧Ёшэ Є ъ ЁрсюЄх)",
    "action_flag": 3,
    "change_message": ""
  }
},
{
  "model": "admin.logentry",
  "pk": 39,
  "fields": {
    "action_time": "2025-01-13T23:04:46.538Z",
    "user": 3,
    "content_type": 8,
    "object_id": "71",
    "object_repr": "╟рърч 71 юЄ admin (╤ЄрЄєё: ═рїюфшЄё  т ЁрсюЄх)",
    "action_flag": 3,
    "change_message": ""
  }
},
{
  "model": "admin.logentry",
  "pk": 40,
  "fields": {
    "action_time": "2025-01-13T23:04:46.538Z",
    "user": 3,
    "content_type": 8,
    "object_id": "70",
    "object_repr": "╟рърч 70 юЄ admin (╤ЄрЄєё: ╧Ёшэ Є ъ ЁрсюЄх)",
    "action_flag": 3,
    "change_message": ""
  }
},
{
  "model": "admin.logentry",
  "pk": 41,
  "fields": {
    "action_time": "2025-01-13T23:04:46.538Z",
    "user": 3,
    "content_type": 8,
    "object_id": "69",
    "object_repr": "╟рърч 69 юЄ admin (╤ЄрЄєё: ┬√яюыэхэ)",
    "action_flag": 3,
    "change_message": ""
  }
},
{
  "model": "admin.logentry",
  "pk": 42,
  "fields": {
    "action_time": "2025-01-13T23:04:46.538Z",
    "user": 3,
    "content_type": 8,
    "object_id": "68",
    "object_repr": "╟рърч 68 юЄ alexkoch (╤ЄрЄєё: ┬√яюыэхэ)",
    "action_flag": 3,
    "change_message": ""
  }
},
{
  "model": "admin.logentry",
  "pk": 43,
  "fields": {
    "action_time": "2025-01-13T23:04:46.538Z",
    "user": 3,
    "content_type": 8,
    "object_id": "67",
    "object_repr": "╟рърч 67 юЄ alexkoch (╤ЄрЄєё: ┬√яюыэхэ)",
    "action_flag": 3,
    "change_message": ""
  }
},
{
  "model": "admin.logentry",
  "pk": 44,
  "fields": {
    "action_time": "2025-01-13T23:04:46.538Z",
    "user": 3,
    "content_type": 8,
    "object_id": "66",
    "object_repr": "╟рърч 66 юЄ alexkoch (╤ЄрЄєё: ┬√яюыэхэ)",
    "action_flag": 3,
    "change_message": ""
  }
},
{
  "model": "admin.logentry",
  "pk": 45,
  "fields": {
    "action_time": "2025-01-13T23:04:46.538Z",
    "user": 3,
    "content_type": 8,
    "object_id": "65",
    "object_repr": "╟рърч 65 юЄ alexkoch (╤ЄрЄєё: ┬√яюыэхэ)",
    "action_flag": 3,
    "change_message": ""
  }
},
{
  "model": "admin.logentry",
  "pk": 46,
  "fields": {
    "action_time": "2025-01-13T23:04:46.538Z",
    "user": 3,
    "content_type": 8,
    "object_id": "64",
    "object_repr": "╟рърч 64 юЄ alexkoch (╤ЄрЄєё: ┬√яюыэхэ)",
    "action_flag": 3,
    "change_message": ""
  }
},
{
  "model": "admin.logentry",
  "pk": 47,
  "fields": {
    "action_time": "2025-01-13T23:04:46.538Z",
    "user": 3,
    "content_type": 8,
    "object_id": "63",
    "object_repr": "╟рърч 63 юЄ alexkoch (╤ЄрЄєё: ┬√яюыэхэ)",
    "action_flag": 3,
    "change_message": ""
  }
},
{
  "model": "admin.logentry",
  "pk": 48,
  "fields": {
    "action_time": "2025-01-13T23:04:46.538Z",
    "user": 3,
    "content_type": 8,
    "object_id": "62",
    "object_repr": "╟рърч 62 юЄ alexkoch (╤ЄрЄєё: ┬√яюыэхэ)",
    "action_flag": 3,
    "change_message": ""
  }
},
{
  "model": "admin.logentry",
  "pk": 49,
  "fields": {
    "action_time": "2025-01-13T23:04:46.538Z",
    "user": 3,
    "content_type": 8,
    "object_id": "61",
    "object_repr": "╟рърч 61 юЄ alexkoch (╤ЄрЄєё: ┬√яюыэхэ)",
    "action_flag": 3,
    "change_message": ""
  }
},
{
  "model": "admin.logentry",
  "pk": 50,
  "fields": {
    "action_time": "2025-01-13T23:04:46.539Z",
    "user": 3,
    "content_type": 8,
    "object_id": "60",
    "object_repr": "╟рърч 60 юЄ alexkoch (╤ЄрЄєё: ┬√яюыэхэ)",
    "action_flag": 3,
    "change_message": ""
  }
},
{
  "model": "admin.logentry",
  "pk": 51,
  "fields": {
    "action_time": "2025-01-13T23:04:46.539Z",
    "user": 3,
    "content_type": 8,
    "object_id": "59",
    "object_repr": "╟рърч 59 юЄ alexkoch (╤ЄрЄєё: ┬√яюыэхэ)",
    "action_flag": 3,
    "change_message": ""
  }
},
{
  "model": "admin.logentry",
  "pk": 52,
  "fields": {
    "action_time": "2025-01-13T23:04:46.539Z",
    "user": 3,
    "content_type": 8,
    "object_id": "58",
    "object_repr": "╟рърч 58 юЄ alexkoch (╤ЄрЄєё: ┬√яюыэхэ)",
    "action_flag": 3,
    "change_message": ""
  }
},
{
  "model": "admin.logentry",
  "pk": 53,
  "fields": {
    "action_time": "2025-01-13T23:04:46.539Z",
    "user": 3,
    "content_type": 8,
    "object_id": "57",
    "object_repr": "╟рърч 57 юЄ alexkoch (╤ЄрЄєё: ┬√яюыэхэ)",
    "action_flag": 3,
    "change_message": ""
  }
},
{
  "model": "admin.logentry",
  "pk": 54,
  "fields": {
    "action_time": "2025-01-13T23:04:46.539Z",
    "user": 3,
    "content_type": 8,
    "object_id": "56",
    "object_repr": "╟рърч 56 юЄ alexkoch (╤ЄрЄєё: ┬√яюыэхэ)",
    "action_flag": 3,
    "change_message": ""
  }
},
{
  "model": "admin.logentry",
  "pk": 55,
  "fields": {
    "action_time": "2025-01-13T23:04:46.539Z",
    "user": 3,
    "content_type": 8,
    "object_id": "55",
    "object_repr": "╟рърч 55 юЄ alexkoch (╤ЄрЄєё: ┬√яюыэхэ)",
    "action_flag": 3,
    "change_message": ""
  }
},
{
  "model": "admin.logentry",
  "pk": 56,
  "fields": {
    "action_time": "2025-01-13T23:04:46.539Z",
    "user": 3,
    "content_type": 8,
    "object_id": "54",
    "object_repr": "╟рърч 54 юЄ alexkoch (╤ЄрЄєё: ┬√яюыэхэ)",
    "action_flag": 3,
    "change_message": ""
  }
},
{
  "model": "admin.logentry",
  "pk": 57,
  "fields": {
    "action_time": "2025-01-13T23:04:46.539Z",
    "user": 3,
    "content_type": 8,
    "object_id": "53",
    "object_repr": "╟рърч 53 юЄ alexkoch (╤ЄрЄєё: ┬√яюыэхэ)",
    "action_flag": 3,
    "change_message": ""
  }
},
{
  "model": "admin.logentry",
  "pk": 58,
  "fields": {
    "action_time": "2025-01-13T23:04:46.539Z",
    "user": 3,
    "content_type": 8,
    "object_id": "52",
    "object_repr": "╟рърч 52 юЄ alexkoch (╤ЄрЄєё: ╧Ёшэ Є ъ ЁрсюЄх)",
    "action_flag": 3,
    "change_message": ""
  }
},
{
  "model": "admin.logentry",
  "pk": 59,
  "fields": {
    "action_time": "2025-01-13T23:04:46.539Z",
    "user": 3,
    "content_type": 8,
    "object_id": "51",
    "object_repr": "╟рърч 51 юЄ alexkoch (╤ЄрЄєё: ┬√яюыэхэ)",
    "action_flag": 3,
    "change_message": ""
  }
},
{
  "model": "admin.logentry",
  "pk": 60,
  "fields": {
    "action_time": "2025-01-13T23:04:46.539Z",
    "user": 3,
    "content_type": 8,
    "object_id": "50",
    "object_repr": "╟рърч 50 юЄ alexkoch (╤ЄрЄєё: ╧Ёшэ Є ъ ЁрсюЄх)",
    "action_flag": 3,
    "change_message": ""
  }
},
{
  "model": "admin.logentry",
  "pk": 61,
  "fields": {
    "action_time": "2025-01-13T23:04:46.539Z",
    "user": 3,
    "content_type": 8,
    "object_id": "49",
    "object_repr": "╟рърч 49 юЄ alexkoch (╤ЄрЄєё: ╧Ёшэ Є ъ ЁрсюЄх)",
    "action_flag": 3,
    "change_message": ""
  }
},
{
  "model": "admin.logentry",
  "pk": 62,
  "fields": {
    "action_time": "2025-01-13T23:04:46.539Z",
    "user": 3,
    "content_type": 8,
    "object_id": "48",
    "object_repr": "╟рърч 48 юЄ alexkoch (╤ЄрЄєё: ╧Ёшэ Є ъ ЁрсюЄх)",
    "action_flag": 3,
    "change_message": ""
  }
},
{
  "model": "admin.logentry",
  "pk": 63,
  "fields": {
    "action_time": "2025-01-13T23:04:46.539Z",
    "user": 3,
    "content_type": 8,
    "object_id": "47",
    "object_repr": "╟рърч 47 юЄ alexkoch (╤ЄрЄєё: ╧Ёшэ Є ъ ЁрсюЄх)",
    "action_flag": 3,
    "change_message": ""
  }
},
{
  "model": "admin.logentry",
  "pk": 64,
  "fields": {
    "action_time": "2025-01-13T23:04:46.539Z",
    "user": 3,
    "content_type": 8,
    "object_id": "46",
    "object_repr": "╟рърч 46 юЄ alexkoch (╤ЄрЄєё: ╧Ёшэ Є ъ ЁрсюЄх)",
    "action_flag": 3,
    "change_message": ""
  }
},
{
  "model": "admin.logentry",
  "pk": 65,
  "fields": {
    "action_time": "2025-01-13T23:04:46.539Z",
    "user": 3,
    "content_type": 8,
    "object_id": "45",
    "object_repr": "╟рърч 45 юЄ alexkoch (╤ЄрЄєё: ╧Ёшэ Є ъ ЁрсюЄх)",
    "action_flag": 3,
    "change_message": ""
  }
},
{
  "model": "admin.logentry",
  "pk": 66,
  "fields": {
    "action_time": "2025-01-13T23:04:46.539Z",
    "user": 3,
    "content_type": 8,
    "object_id": "44",
    "object_repr": "╟рърч 44 юЄ alexkoch (╤ЄрЄєё: ╧Ёшэ Є ъ ЁрсюЄх)",
    "action_flag": 3,
    "change_message": ""
  }
},
{
  "model": "admin.logentry",
  "pk": 67,
  "fields": {
    "action_time": "2025-01-13T23:04:46.539Z",
    "user": 3,
    "content_type": 8,
    "object_id": "43",
    "object_repr": "╟рърч 43 юЄ alexkoch (╤ЄрЄєё: ╧Ёшэ Є ъ ЁрсюЄх)",
    "action_flag": 3,
    "change_message": ""
  }
},
{
  "model": "admin.logentry",
  "pk": 68,
  "fields": {
    "action_time": "2025-01-13T23:04:46.539Z",
    "user": 3,
    "content_type": 8,
    "object_id": "42",
    "object_repr": "╟рърч 42 юЄ alexkoch (╤ЄрЄєё: ╧Ёшэ Є ъ ЁрсюЄх)",
    "action_flag": 3,
    "change_message": ""
  }
},
{
  "model": "admin.logentry",
  "pk": 69,
  "fields": {
    "action_time": "2025-01-13T23:04:46.539Z",
    "user": 3,
    "content_type": 8,
    "object_id": "41",
    "object_repr": "╟рърч 41 юЄ alexkoch (╤ЄрЄєё: ╧Ёшэ Є ъ ЁрсюЄх)",
    "action_flag": 3,
    "change_message": ""
  }
},
{
  "model": "admin.logentry",
  "pk": 70,
  "fields": {
    "action_time": "2025-01-13T23:04:46.539Z",
    "user": 3,
    "content_type": 8,
    "object_id": "40",
    "object_repr": "╟рърч 40 юЄ alexkoch (╤ЄрЄєё: ╧Ёшэ Є ъ ЁрсюЄх)",
    "action_flag": 3,
    "change_message": ""
  }
},
{
  "model": "admin.logentry",
  "pk": 71,
  "fields": {
    "action_time": "2025-01-13T23:04:46.539Z",
    "user": 3,
    "content_type": 8,
    "object_id": "39",
    "object_repr": "╟рърч 39 юЄ alexkoch (╤ЄрЄєё: ╧Ёшэ Є ъ ЁрсюЄх)",
    "action_flag": 3,
    "change_message": ""
  }
},
{
  "model": "admin.logentry",
  "pk": 72,
  "fields": {
    "action_time": "2025-01-13T23:04:46.539Z",
    "user": 3,
    "content_type": 8,
    "object_id": "38",
    "object_repr": "╟рърч 38 юЄ alexkoch (╤ЄрЄєё: ╧Ёшэ Є ъ ЁрсюЄх)",
    "action_flag": 3,
    "change_message": ""
  }
},
{
  "model": "admin.logentry",
  "pk": 73,
  "fields": {
    "action_time": "2025-01-13T23:04:46.539Z",
    "user": 3,
    "content_type": 8,
    "object_id": "37",
    "object_repr": "╟рърч 37 юЄ alexkoch (╤ЄрЄєё: ╧Ёшэ Є ъ ЁрсюЄх)",
    "action_flag": 3,
    "change_message": ""
  }
},
{
  "model": "admin.logentry",
  "pk": 74,
  "fields": {
    "action_time": "2025-01-13T23:04:46.539Z",
    "user": 3,
    "content_type": 8,
    "object_id": "36",
    "object_repr": "╟рърч 36 юЄ alexkoch (╤ЄрЄєё: ╧Ёшэ Є ъ ЁрсюЄх)",
    "action_flag": 3,
    "change_message": ""
  }
},
{
  "model": "admin.logentry",
  "pk": 75,
  "fields": {
    "action_time": "2025-01-13T23:04:46.539Z",
    "user": 3,
    "content_type": 8,
    "object_id": "35",
    "object_repr": "╟рърч 35 юЄ alexkoch (╤ЄрЄєё: ╧Ёшэ Є ъ ЁрсюЄх)",
    "action_flag": 3,
    "change_message": ""
  }
},
{
  "model": "admin.logentry",
  "pk": 76,
  "fields": {
    "action_time": "2025-01-13T23:04:46.539Z",
    "user": 3,
    "content_type": 8,
    "object_id": "34",
    "object_repr": "╟рърч 34 юЄ alexkoch (╤ЄрЄєё: ╧Ёшэ Є ъ ЁрсюЄх)",
    "action_flag": 3,
    "change_message": ""
  }
},
{
  "model": "admin.logentry",
  "pk": 77,
  "fields": {
    "action_time": "2025-01-13T23:04:46.539Z",
    "user": 3,
    "content_type": 8,
    "object_id": "33",
    "object_repr": "╟рърч 33 юЄ alexkoch (╤ЄрЄєё: ╧Ёшэ Є ъ ЁрсюЄх)",
    "action_flag": 3,
    "change_message": ""
  }
},
{
  "model": "admin.logentry",
  "pk": 78,
  "fields": {
    "action_time": "2025-01-13T23:04:46.539Z",
    "user": 3,
    "content_type": 8,
    "object_id": "32",
    "object_repr": "╟рърч 32 юЄ alexkoch (╤ЄрЄєё: ╧Ёшэ Є ъ ЁрсюЄх)",
    "action_flag": 3,
    "change_message": ""
  }
},
{
  "model": "admin.logentry",
  "pk": 79,
  "fields": {
    "action_time": "2025-01-13T23:04:46.539Z",
    "user": 3,
    "content_type": 8,
    "object_id": "31",
    "object_repr": "╟рърч 31 юЄ alexkoch (╤ЄрЄєё: ╧Ёшэ Є ъ ЁрсюЄх)",
    "action_flag": 3,
    "change_message": ""
  }
},
{
  "model": "admin.logentry",
  "pk": 80,
  "fields": {
    "action_time": "2025-01-13T23:04:46.539Z",
    "user": 3,
    "content_type": 8,
    "object_id": "30",
    "object_repr": "╟рърч 30 юЄ alexkoch (╤ЄрЄєё: ╧Ёшэ Є ъ ЁрсюЄх)",
    "action_flag": 3,
    "change_message": ""
  }
},
{
  "model": "admin.logentry",
  "pk": 81,
  "fields": {
    "action_time": "2025-01-13T23:04:46.539Z",
    "user": 3,
    "content_type": 8,
    "object_id": "29",
    "object_repr": "╟рърч 29 юЄ alexkoch (╤ЄрЄєё: ╧Ёшэ Є ъ ЁрсюЄх)",
    "action_flag": 3,
    "change_message": ""
  }
},
{
  "model": "admin.logentry",
  "pk": 82,
  "fields": {
    "action_time": "2025-01-13T23:04:46.539Z",
    "user": 3,
    "content_type": 8,
    "object_id": "28",
    "object_repr": "╟рърч 28 юЄ alexkoch (╤ЄрЄєё: ┬√яюыэхэ)",
    "action_flag": 3,
    "change_message": ""
  }
},
{
  "model": "admin.logentry",
  "pk": 83,
  "fields": {
    "action_time": "2025-01-13T23:04:46.539Z",
    "user": 3,
    "content_type": 8,
    "object_id": "27",
    "object_repr": "╟рърч 27 юЄ admin (╤ЄрЄєё: ┬√яюыэхэ)",
    "action_flag": 3,
    "change_message": ""
  }
},
{
  "model": "admin.logentry",
  "pk": 84,
  "fields": {
    "action_time": "2025-01-13T23:04:46.539Z",
    "user": 3,
    "content_type": 8,
    "object_id": "26",
    "object_repr": "╟рърч 26 юЄ alexkoch (╤ЄрЄєё: ┬√яюыэхэ)",
    "action_flag": 3,
    "change_message": ""
  }
},
{
  "model": "admin.logentry",
  "pk": 85,
  "fields": {
    "action_time": "2025-01-13T23:04:46.539Z",
    "user": 3,
    "content_type": 8,
    "object_id": "25",
    "object_repr": "╟рърч 25 юЄ alexkoch (╤ЄрЄєё: ┬√яюыэхэ)",
    "action_flag": 3,
    "change_message": ""
  }
},
{
  "model": "admin.logentry",
  "pk": 86,
  "fields": {
    "action_time": "2025-01-13T23:04:46.539Z",
    "user": 3,
    "content_type": 8,
    "object_id": "24",
    "object_repr": "╟рърч 24 юЄ alexkoch (╤ЄрЄєё: ┬√яюыэхэ)",
    "action_flag": 3,
    "change_message": ""
  }
},
{
  "model": "admin.logentry",
  "pk": 87,
  "fields": {
    "action_time": "2025-01-13T23:04:46.539Z",
    "user": 3,
    "content_type": 8,
    "object_id": "23",
    "object_repr": "╟рърч 23 юЄ alexkoch (╤ЄрЄєё: ┬√яюыэхэ)",
    "action_flag": 3,
    "change_message": ""
  }
},
{
  "model": "admin.logentry",
  "pk": 88,
  "fields": {
    "action_time": "2025-01-13T23:04:46.539Z",
    "user": 3,
    "content_type": 8,
    "object_id": "22",
    "object_repr": "╟рърч 22 юЄ alexkoch (╤ЄрЄєё: ┬√яюыэхэ)",
    "action_flag": 3,
    "change_message": ""
  }
},
{
  "model": "admin.logentry",
  "pk": 89,
  "fields": {
    "action_time": "2025-01-13T23:04:46.539Z",
    "user": 3,
    "content_type": 8,
    "object_id": "21",
    "object_repr": "╟рърч 21 юЄ alexkoch (╤ЄрЄєё: ┬√яюыэхэ)",
    "action_flag": 3,
    "change_message": ""
  }
},
{
  "model": "admin.logentry",
  "pk": 90,
  "fields": {
    "action_time": "2025-01-13T23:04:46.539Z",
    "user": 3,
    "content_type": 8,
    "object_id": "20",
    "object_repr": "╟рърч 20 юЄ alexkoch (╤ЄрЄєё: ┬√яюыэхэ)",
    "action_flag": 3,
    "change_message": ""
  }
},
{
  "model": "admin.logentry",
  "pk": 91,
  "fields": {
    "action_time": "2025-01-13T23:04:46.539Z",
    "user": 3,
    "content_type": 8,
    "object_id": "19",
    "object_repr": "╟рърч 19 юЄ alexkoch (╤ЄрЄєё: ┬√яюыэхэ)",
    "action_flag": 3,
    "change_message": ""
  }
},
{
  "model": "admin.logentry",
  "pk": 92,
  "fields": {
    "action_time": "2025-01-13T23:04:46.539Z",
    "user": 3,
    "content_type": 8,
    "object_id": "18",
    "object_repr": "╟рърч 18 юЄ alexkoch (╤ЄрЄєё: ╧Ёшэ Є ъ ЁрсюЄх)",
    "action_flag": 3,
    "change_message": ""
  }
},
{
  "model": "admin.logentry",
  "pk": 93,
  "fields": {
    "action_time": "2025-01-13T23:04:46.539Z",
    "user": 3,
    "content_type": 8,
    "object_id": "17",
    "object_repr": "╟рърч 17 юЄ alexkoch (╤ЄрЄєё: ╧Ёшэ Є ъ ЁрсюЄх)",
    "action_flag": 3,
    "change_message": ""
  }
},
{
  "model": "admin.logentry",
  "pk": 94,
  "fields": {
    "action_time": "2025-01-13T23:04:46.539Z",
    "user": 3,
    "content_type": 8,
    "object_id": "16",
    "object_repr": "╟рърч 16 юЄ alexkoch (╤ЄрЄєё: ╧Ёшэ Є ъ ЁрсюЄх)",
    "action_flag": 3,
    "change_message": ""
  }
},
{
  "model": "admin.logentry",
  "pk": 95,
  "fields": {
    "action_time": "2025-01-13T23:04:46.539Z",
    "user": 3,
    "content_type": 8,
    "object_id": "15",
    "object_repr": "╟рърч 15 юЄ alexkoch (╤ЄрЄєё: ╧Ёшэ Є ъ ЁрсюЄх)",
    "action_flag": 3,
    "change_message": ""
  }
},
{
  "model": "admin.logentry",
  "pk": 96,
  "fields": {
    "action_time": "2025-01-13T23:04:46.540Z",
    "user": 3,
    "content_type": 8,
    "object_id": "14",
    "object_repr": "╟рърч 14 юЄ admin (╤ЄрЄєё: ┬√яюыэхэ)",
    "action_flag": 3,
    "change_message": ""
  }
},
{
  "model": "admin.logentry",
  "pk": 97,
  "fields": {
    "action_time": "2025-01-13T23:04:46.540Z",
    "user": 3,
    "content_type": 8,
    "object_id": "13",
    "object_repr": "╟рърч 13 юЄ alexkoch (╤ЄрЄєё: ┬√яюыэхэ)",
    "action_flag": 3,
    "change_message": ""
  }
},
{
  "model": "admin.logentry",
  "pk": 98,
  "fields": {
    "action_time": "2025-01-13T23:04:46.540Z",
    "user": 3,
    "content_type": 8,
    "object_id": "12",
    "object_repr": "╟рърч 12 юЄ admin (╤ЄрЄєё: ╧Ёшэ Є ъ ЁрсюЄх)",
    "action_flag": 3,
    "change_message": ""
  }
},
{
  "model": "admin.logentry",
  "pk": 99,
  "fields": {
    "action_time": "2025-01-13T23:04:46.540Z",
    "user": 3,
    "content_type": 8,
    "object_id": "11",
    "object_repr": "╟рърч 11 юЄ admin (╤ЄрЄєё: ┬√яюыэхэ)",
    "action_flag": 3,
    "change_message": ""
  }
},
{
  "model": "admin.logentry",
  "pk": 100,
  "fields": {
    "action_time": "2025-01-13T23:04:46.540Z",
    "user": 3,
    "content_type": 8,
    "object_id": "10",
    "object_repr": "╟рърч 10 юЄ admin (╤ЄрЄєё: ┬√яюыэхэ)",
    "action_flag": 3,
    "change_message": ""
  }
},
{
  "model": "admin.logentry",
  "pk": 101,
  "fields": {
    "action_time": "2025-01-13T23:04:46.540Z",
    "user": 3,
    "content_type": 8,
    "object_id": "9",
    "object_repr": "╟рърч 9 юЄ admin (╤ЄрЄєё: ┬√яюыэхэ)",
    "action_flag": 3,
    "change_message": ""
  }
},
{
  "model": "admin.logentry",
  "pk": 102,
  "fields": {
    "action_time": "2025-01-13T23:04:46.540Z",
    "user": 3,
    "content_type": 8,
    "object_id": "8",
    "object_repr": "╟рърч 8 юЄ admin (╤ЄрЄєё: ┬√яюыэхэ)",
    "action_flag": 3,
    "change_message": ""
  }
},
{
  "model": "admin.logentry",
  "pk": 103,
  "fields": {
    "action_time": "2025-01-13T23:04:46.540Z",
    "user": 3,
    "content_type": 8,
    "object_id": "7",
    "object_repr": "╟рърч 7 юЄ admin (╤ЄрЄєё: ┬√яюыэхэ)",
    "action_flag": 3,
    "change_message": ""
  }
},
{
  "model": "admin.logentry",
  "pk": 104,
  "fields": {
    "action_time": "2025-01-13T23:04:46.540Z",
    "user": 3,
    "content_type": 8,
    "object_id": "6",
    "object_repr": "╟рърч 6 юЄ admin (╤ЄрЄєё: ┬√яюыэхэ)",
    "action_flag": 3,
    "change_message": ""
  }
},
{
  "model": "admin.logentry",
  "pk": 105,
  "fields": {
    "action_time": "2025-01-13T23:04:46.540Z",
    "user": 3,
    "content_type": 8,
    "object_id": "5",
    "object_repr": "╟рърч 5 юЄ admin (╤ЄрЄєё: ┬√яюыэхэ)",
    "action_flag": 3,
    "change_message": ""
  }
},
{
  "model": "admin.logentry",
  "pk": 106,
  "fields": {
    "action_time": "2025-01-13T23:04:46.540Z",
    "user": 3,
    "content_type": 8,
    "object_id": "4",
    "object_repr": "╟рърч 4 юЄ admin (╤ЄрЄєё: ┬√яюыэхэ)",
    "action_flag": 3,
    "change_message": ""
  }
},
{
  "model": "admin.logentry",
  "pk": 107,
  "fields": {
    "action_time": "2025-01-13T23:04:46.540Z",
    "user": 3,
    "content_type": 8,
    "object_id": "3",
    "object_repr": "╟рърч 3 юЄ admin (╤ЄрЄєё: ┬√яюыэхэ)",
    "action_flag": 3,
    "change_message": ""
  }
},
{
  "model": "admin.logentry",
  "pk": 108,
  "fields": {
    "action_time": "2025-01-13T23:04:46.540Z",
    "user": 3,
    "content_type": 8,
    "object_id": "2",
    "object_repr": "╟рърч 2 юЄ admin (╤ЄрЄєё: ┬√яюыэхэ)",
    "action_flag": 3,
    "change_message": ""
  }
},
{
  "model": "admin.logentry",
  "pk": 109,
  "fields": {
    "action_time": "2025-01-13T23:04:46.540Z",
    "user": 3,
    "content_type": 8,
    "object_id": "1",
    "object_repr": "╟рърч 1 юЄ admin (╤ЄрЄєё: ┬√яюыэхэ)",
    "action_flag": 3,
    "change_message": ""
  }
},
{
  "model": "admin.logentry",
  "pk": 110,
  "fields": {
    "action_time": "2025-01-13T23:11:50.375Z",
    "user": 3,
    "content_type": 7,
    "object_id": "4",
    "object_repr": "├┬╬╟─╚╩╚",
    "action_flag": 1,
    "change_message": "[{\"added\": {}}]"
  }
},
{
  "model": "admin.logentry",
  "pk": 111,
  "fields": {
    "action_time": "2025-01-13T23:12:15.473Z",
    "user": 3,
    "content_type": 7,
    "object_id": "1",
    "object_repr": "╨╬╟█",
    "action_flag": 2,
    "change_message": "[{\"changed\": {\"fields\": [\"\\u041d\\u0430\\u0437\\u0432\\u0430\\u043d\\u0438\\u0435 \\u043a\\u0430\\u0442\\u0435\\u0433\\u043e\\u0440\\u0438\\u0438\"]}}]"
  }
},
{
  "model": "admin.logentry",
  "pk": 112,
  "fields": {
    "action_time": "2025-01-13T23:12:33.462Z",
    "user": 3,
    "content_type": 7,
    "object_id": "5",
    "object_repr": "╨╬╟└ ╩╙╤╥╬┬└▀",
    "action_flag": 1,
    "change_message": "[{\"added\": {}}]"
  }
},
{
  "model": "admin.logentry",
  "pk": 113,
  "fields": {
    "action_time": "2025-01-13T23:12:59.140Z",
    "user": 3,
    "content_type": 7,
    "object_id": "6",
    "object_repr": "╨└═╙═╩╙╦▐╤",
    "action_flag": 1,
    "change_message": "[{\"added\": {}}]"
  }
},
{
  "model": "admin.logentry",
  "pk": 114,
  "fields": {
    "action_time": "2025-01-13T23:13:22.237Z",
    "user": 3,
    "content_type": 7,
    "object_id": "2",
    "object_repr": "╥▐╦▄╧└═",
    "action_flag": 2,
    "change_message": "[{\"changed\": {\"fields\": [\"\\u041d\\u0430\\u0437\\u0432\\u0430\\u043d\\u0438\\u0435 \\u043a\\u0430\\u0442\\u0435\\u0433\\u043e\\u0440\\u0438\\u0438\"]}}]"
  }
},
{
  "model": "admin.logentry",
  "pk": 115,
  "fields": {
    "action_time": "2025-01-13T23:13:41.493Z",
    "user": 3,
    "content_type": 7,
    "object_id": "7",
    "object_repr": "╒╨╚╟└═╥┼╠└",
    "action_flag": 1,
    "change_message": "[{\"added\": {}}]"
  }
},
{
  "model": "admin.logentry",
  "pk": 116,
  "fields": {
    "action_time": "2025-01-13T23:14:02.004Z",
    "user": 3,
    "content_type": 7,
    "object_id": "8",
    "object_repr": "└╦▄╤╥╨╬╠┼╨╚▀",
    "action_flag": 1,
    "change_message": "[{\"added\": {}}]"
  }
},
{
  "model": "admin.logentry",
  "pk": 117,
  "fields": {
    "action_time": "2025-01-13T23:14:20.755Z",
    "user": 3,
    "content_type": 7,
    "object_id": "9",
    "object_repr": "╧╚╬═",
    "action_flag": 1,
    "change_message": "[{\"added\": {}}]"
  }
},
{
  "model": "admin.logentry",
  "pk": 118,
  "fields": {
    "action_time": "2025-01-13T23:14:39.378Z",
    "user": 3,
    "content_type": 7,
    "object_id": "3",
    "object_repr": "┴╙╩┼╥█",
    "action_flag": 2,
    "change_message": "[{\"changed\": {\"fields\": [\"\\u041d\\u0430\\u0437\\u0432\\u0430\\u043d\\u0438\\u0435 \\u043a\\u0430\\u0442\\u0435\\u0433\\u043e\\u0440\\u0438\\u0438\"]}}]"
  }
},
{
  "model": "admin.logentry",
  "pk": 119,
  "fields": {
    "action_time": "2025-01-13T23:27:18.930Z",
    "user": 3,
    "content_type": 7,
    "object_id": "9",
    "object_repr": "╧╚╬═",
    "action_flag": 2,
    "change_message": "[{\"changed\": {\"fields\": [\"\\u0418\\u0437\\u043e\\u0431\\u0440\\u0430\\u0436\\u0435\\u043d\\u0438\\u0435 \\u043a\\u0430\\u0442\\u0435\\u0433\\u043e\\u0440\\u0438\\u0438\"]}}]"
  }
},
{
  "model": "admin.logentry",
  "pk": 120,
  "fields": {
    "action_time": "2025-01-13T23:27:55.494Z",
    "user": 3,
    "content_type": 7,
    "object_id": "8",
    "object_repr": "└╦▄╤╥╨╬╠┼╨╚▀",
    "action_flag": 2,
    "change_message": "[{\"changed\": {\"fields\": [\"\\u0418\\u0437\\u043e\\u0431\\u0440\\u0430\\u0436\\u0435\\u043d\\u0438\\u0435 \\u043a\\u0430\\u0442\\u0435\\u0433\\u043e\\u0440\\u0438\\u0438\"]}}]"
  }
},
{
  "model": "admin.logentry",
  "pk": 121,
  "fields": {
    "action_time": "2025-01-13T23:28:40.143Z",
    "user": 3,
    "content_type": 7,
    "object_id": "7",
    "object_repr": "╒╨╚╟└═╥┼╠└",
    "action_flag": 2,
    "change_message": "[{\"changed\": {\"fields\": [\"\\u0418\\u0437\\u043e\\u0431\\u0440\\u0430\\u0436\\u0435\\u043d\\u0438\\u0435 \\u043a\\u0430\\u0442\\u0435\\u0433\\u043e\\u0440\\u0438\\u0438\"]}}]"
  }
},
{
  "model": "admin.logentry",
  "pk": 122,
  "fields": {
    "action_time": "2025-01-13T23:29:19.366Z",
    "user": 3,
    "content_type": 7,
    "object_id": "6",
    "object_repr": "╨└═╙═╩╙╦▐╤",
    "action_flag": 2,
    "change_message": "[{\"changed\": {\"fields\": [\"\\u0418\\u0437\\u043e\\u0431\\u0440\\u0430\\u0436\\u0435\\u043d\\u0438\\u0435 \\u043a\\u0430\\u0442\\u0435\\u0433\\u043e\\u0440\\u0438\\u0438\"]}}]"
  }
},
{
  "model": "admin.logentry",
  "pk": 123,
  "fields": {
    "action_time": "2025-01-13T23:29:48.129Z",
    "user": 3,
    "content_type": 7,
    "object_id": "5",
    "object_repr": "╨╬╟└ ╩╙╤╥╬┬└▀",
    "action_flag": 2,
    "change_message": "[{\"changed\": {\"fields\": [\"\\u0418\\u0437\\u043e\\u0431\\u0440\\u0430\\u0436\\u0435\\u043d\\u0438\\u0435 \\u043a\\u0430\\u0442\\u0435\\u0433\\u043e\\u0440\\u0438\\u0438\"]}}]"
  }
},
{
  "model": "admin.logentry",
  "pk": 124,
  "fields": {
    "action_time": "2025-01-13T23:30:18.328Z",
    "user": 3,
    "content_type": 7,
    "object_id": "4",
    "object_repr": "├┬╬╟─╚╩╚",
    "action_flag": 2,
    "change_message": "[{\"changed\": {\"fields\": [\"\\u0418\\u0437\\u043e\\u0431\\u0440\\u0430\\u0436\\u0435\\u043d\\u0438\\u0435 \\u043a\\u0430\\u0442\\u0435\\u0433\\u043e\\u0440\\u0438\\u0438\"]}}]"
  }
},
{
  "model": "admin.logentry",
  "pk": 125,
  "fields": {
    "action_time": "2025-01-13T23:30:59.700Z",
    "user": 3,
    "content_type": 7,
    "object_id": "2",
    "object_repr": "╥▐╦▄╧└═",
    "action_flag": 2,
    "change_message": "[{\"changed\": {\"fields\": [\"\\u0418\\u0437\\u043e\\u0431\\u0440\\u0430\\u0436\\u0435\\u043d\\u0438\\u0435 \\u043a\\u0430\\u0442\\u0435\\u0433\\u043e\\u0440\\u0438\\u0438\"]}}]"
  }
},
{
  "model": "admin.logentry",
  "pk": 126,
  "fields": {
    "action_time": "2025-01-13T23:32:05.284Z",
    "user": 3,
    "content_type": 7,
    "object_id": "1",
    "object_repr": "╨╬╟█",
    "action_flag": 2,
    "change_message": "[{\"changed\": {\"fields\": [\"\\u0418\\u0437\\u043e\\u0431\\u0440\\u0430\\u0436\\u0435\\u043d\\u0438\\u0435 \\u043a\\u0430\\u0442\\u0435\\u0433\\u043e\\u0440\\u0438\\u0438\"]}}]"
  }
},
{
  "model": "admin.logentry",
  "pk": 127,
  "fields": {
    "action_time": "2025-01-13T23:34:34.030Z",
    "user": 3,
    "content_type": 9,
    "object_id": "5",
    "object_repr": "├тючфшър ЇшюыхЄютр ",
    "action_flag": 1,
    "change_message": "[{\"added\": {}}]"
  }
},
{
  "model": "admin.logentry",
  "pk": 128,
  "fields": {
    "action_time": "2025-01-13T23:35:40.184Z",
    "user": 3,
    "content_type": 9,
    "object_id": "6",
    "object_repr": "├тючфшър ыюёюёхтр ",
    "action_flag": 1,
    "change_message": "[{\"added\": {}}]"
  }
},
{
  "model": "admin.logentry",
  "pk": 129,
  "fields": {
    "action_time": "2025-01-13T23:36:33.206Z",
    "user": 3,
    "content_type": 9,
    "object_id": "7",
    "object_repr": "├тючфшър цхыЄр ",
    "action_flag": 1,
    "change_message": "[{\"added\": {}}]"
  }
},
{
  "model": "admin.logentry",
  "pk": 130,
  "fields": {
    "action_time": "2025-01-13T23:37:24.491Z",
    "user": 3,
    "content_type": 9,
    "object_id": "8",
    "object_repr": "├тючфшър сыхфэю-ц╕ыЄр ",
    "action_flag": 1,
    "change_message": "[{\"added\": {}}]"
  }
},
{
  "model": "admin.logentry",
  "pk": 131,
  "fields": {
    "action_time": "2025-01-13T23:38:13.909Z",
    "user": 3,
    "content_type": 9,
    "object_id": "9",
    "object_repr": "├тючфшър схыр ",
    "action_flag": 1,
    "change_message": "[{\"added\": {}}]"
  }
},
{
  "model": "admin.logentry",
  "pk": 132,
  "fields": {
    "action_time": "2025-01-13T23:39:23.593Z",
    "user": 3,
    "content_type": 9,
    "object_id": "10",
    "object_repr": "├тючфшър Ёючютр ",
    "action_flag": 1,
    "change_message": "[{\"added\": {}}]"
  }
},
{
  "model": "admin.logentry",
  "pk": 133,
  "fields": {
    "action_time": "2025-01-13T23:40:10.604Z",
    "user": 3,
    "content_type": 9,
    "object_id": "11",
    "object_repr": "├тючфшър рыр ",
    "action_flag": 1,
    "change_message": "[{\"added\": {}}]"
  }
},
{
  "model": "admin.logentry",
  "pk": 134,
  "fields": {
    "action_time": "2025-01-13T23:41:06.064Z",
    "user": 3,
    "content_type": 9,
    "object_id": "12",
    "object_repr": "├тючфшър Їєъёш ",
    "action_flag": 1,
    "change_message": "[{\"added\": {}}]"
  }
},
{
  "model": "admin.logentry",
  "pk": 135,
  "fields": {
    "action_time": "2025-01-13T23:41:50.117Z",
    "user": 3,
    "content_type": 9,
    "object_id": "13",
    "object_repr": "├тючфшър ъЁрёэр ",
    "action_flag": 1,
    "change_message": "[{\"added\": {}}]"
  }
},
{
  "model": "admin.logentry",
  "pk": 136,
  "fields": {
    "action_time": "2025-01-13T23:44:02.507Z",
    "user": 3,
    "content_type": 9,
    "object_id": "1",
    "object_repr": "╨ючр ъЁрёэр ",
    "action_flag": 2,
    "change_message": "[{\"changed\": {\"fields\": [\"\\u0426\\u0435\\u043d\\u0430\", \"\\u0418\\u0437\\u043e\\u0431\\u0440\\u0430\\u0436\\u0435\\u043d\\u0438\\u0435 \\u0442\\u043e\\u0432\\u0430\\u0440\\u0430\"]}}]"
  }
},
{
  "model": "admin.logentry",
  "pk": 137,
  "fields": {
    "action_time": "2025-01-13T23:44:16.484Z",
    "user": 3,
    "content_type": 9,
    "object_id": "1",
    "object_repr": "╨ючр ъЁрёэр ",
    "action_flag": 2,
    "change_message": "[{\"changed\": {\"fields\": [\"\\u0418\\u0437\\u043e\\u0431\\u0440\\u0430\\u0436\\u0435\\u043d\\u0438\\u0435 \\u0442\\u043e\\u0432\\u0430\\u0440\\u0430\"]}}]"
  }
},
{
  "model": "admin.logentry",
  "pk": 138,
  "fields": {
    "action_time": "2025-01-13T23:45:21.608Z",
    "user": 3,
    "content_type": 9,
    "object_id": "14",
    "object_repr": "╨ючр Єхьэю-Ёючютр ",
    "action_flag": 1,
    "change_message": "[{\"added\": {}}]"
  }
},
{
  "model": "admin.logentry",
  "pk": 139,
  "fields": {
    "action_time": "2025-01-13T23:45:59.064Z",
    "user": 3,
    "content_type": 9,
    "object_id": "15",
    "object_repr": "╨ючр юЁрэцхтр ",
    "action_flag": 1,
    "change_message": "[{\"added\": {}}]"
  }
},
{
  "model": "admin.logentry",
  "pk": 140,
  "fields": {
    "action_time": "2025-01-13T23:46:45.656Z",
    "user": 3,
    "content_type": 9,
    "object_id": "16",
    "object_repr": "╨ючр рыр ",
    "action_flag": 1,
    "change_message": "[{\"added\": {}}]"
  }
},
{
  "model": "admin.logentry",
  "pk": 141,
  "fields": {
    "action_time": "2025-01-13T23:47:44.201Z",
    "user": 3,
    "content_type": 9,
    "object_id": "17",
    "object_repr": "╨ючр схыю-Ёючютр ",
    "action_flag": 1,
    "change_message": "[{\"added\": {}}]"
  }
},
{
  "model": "admin.logentry",
  "pk": 142,
  "fields": {
    "action_time": "2025-01-13T23:48:35.523Z",
    "user": 3,
    "content_type": 9,
    "object_id": "18",
    "object_repr": "╨ючр Їєъёш ",
    "action_flag": 1,
    "change_message": "[{\"added\": {}}]"
  }
},
{
  "model": "admin.logentry",
  "pk": 143,
  "fields": {
    "action_time": "2025-01-13T23:49:10.559Z",
    "user": 3,
    "content_type": 9,
    "object_id": "19",
    "object_repr": "╨ючр ц╕ыЄр ",
    "action_flag": 1,
    "change_message": "[{\"added\": {}}]"
  }
},
{
  "model": "admin.logentry",
  "pk": 144,
  "fields": {
    "action_time": "2025-01-13T23:50:04.062Z",
    "user": 3,
    "content_type": 9,
    "object_id": "20",
    "object_repr": "╨ючр сыхфэю-цхыЄр ",
    "action_flag": 1,
    "change_message": "[{\"added\": {}}]"
  }
},
{
  "model": "admin.logentry",
  "pk": 145,
  "fields": {
    "action_time": "2025-01-13T23:51:20.150Z",
    "user": 3,
    "content_type": 9,
    "object_id": "21",
    "object_repr": "╨ючр ъєёЄютр   рыр ",
    "action_flag": 1,
    "change_message": "[{\"added\": {}}]"
  }
},
{
  "model": "admin.logentry",
  "pk": 146,
  "fields": {
    "action_time": "2025-01-13T23:52:15.685Z",
    "user": 3,
    "content_type": 9,
    "object_id": "22",
    "object_repr": "╨ючр ъєёЄютр  яхЁёшъютр ",
    "action_flag": 1,
    "change_message": "[{\"added\": {}}]"
  }
},
{
  "model": "admin.logentry",
  "pk": 147,
  "fields": {
    "action_time": "2025-01-13T23:52:58.072Z",
    "user": 3,
    "content_type": 9,
    "object_id": "23",
    "object_repr": "╨ючр ъєёЄютр  Ёючютр ",
    "action_flag": 1,
    "change_message": "[{\"added\": {}}]"
  }
},
{
  "model": "admin.logentry",
  "pk": 148,
  "fields": {
    "action_time": "2025-01-13T23:54:06.768Z",
    "user": 3,
    "content_type": 9,
    "object_id": "24",
    "object_repr": "╨рэєэъєы■ё схы√щ",
    "action_flag": 1,
    "change_message": "[{\"added\": {}}]"
  }
},
{
  "model": "admin.logentry",
  "pk": 149,
  "fields": {
    "action_time": "2025-01-13T23:54:44.105Z",
    "user": 3,
    "content_type": 9,
    "object_id": "25",
    "object_repr": "╨рэєэъєы■ё Їєъёш ",
    "action_flag": 1,
    "change_message": "[{\"added\": {}}]"
  }
},
{
  "model": "admin.logentry",
  "pk": 150,
  "fields": {
    "action_time": "2025-01-13T23:55:25.572Z",
    "user": 3,
    "content_type": 9,
    "object_id": "26",
    "object_repr": "╨рэєэъєы■ё ры√щ",
    "action_flag": 1,
    "change_message": "[{\"added\": {}}]"
  }
},
{
  "model": "admin.logentry",
  "pk": 151,
  "fields": {
    "action_time": "2025-01-13T23:56:22.858Z",
    "user": 3,
    "content_type": 9,
    "object_id": "27",
    "object_repr": "╥■ы№ярэ ъЁрёэ√щ ё цхыЄ√ь",
    "action_flag": 1,
    "change_message": "[{\"added\": {}}]"
  }
},
{
  "model": "admin.logentry",
  "pk": 152,
  "fields": {
    "action_time": "2025-01-13T23:56:59.403Z",
    "user": 3,
    "content_type": 9,
    "object_id": "28",
    "object_repr": "╥■ы№ярэ схы√щ",
    "action_flag": 1,
    "change_message": "[{\"added\": {}}]"
  }
},
{
  "model": "admin.logentry",
  "pk": 153,
  "fields": {
    "action_time": "2025-01-13T23:58:04.845Z",
    "user": 3,
    "content_type": 9,
    "object_id": "29",
    "object_repr": "╥■ы№ярэ ёшэшщ",
    "action_flag": 1,
    "change_message": "[{\"added\": {}}]"
  }
},
{
  "model": "admin.logentry",
  "pk": 154,
  "fields": {
    "action_time": "2025-01-13T23:59:16.108Z",
    "user": 3,
    "content_type": 9,
    "object_id": "30",
    "object_repr": "╒ЁшчрэЄхьр Ёючютр ",
    "action_flag": 1,
    "change_message": "[{\"added\": {}}]"
  }
},
{
  "model": "admin.logentry",
  "pk": 155,
  "fields": {
    "action_time": "2025-01-14T00:00:29.406Z",
    "user": 3,
    "content_type": 9,
    "object_id": "31",
    "object_repr": "╒ЁшчрэЄхьр ышыютр  ьрїЁютр ",
    "action_flag": 1,
    "change_message": "[{\"added\": {}}]"
  }
},
{
  "model": "admin.logentry",
  "pk": 156,
  "fields": {
    "action_time": "2025-01-14T00:01:14.724Z",
    "user": 3,
    "content_type": 9,
    "object_id": "32",
    "object_repr": "╒ЁшчрэЄхьр ышьюээр  ьрїЁютр ",
    "action_flag": 1,
    "change_message": "[{\"added\": {}}]"
  }
},
{
  "model": "admin.logentry",
  "pk": 157,
  "fields": {
    "action_time": "2025-01-14T00:02:16.479Z",
    "user": 3,
    "content_type": 9,
    "object_id": "33",
    "object_repr": "└ы№ёЄЁюьхЁш  рыр ",
    "action_flag": 1,
    "change_message": "[{\"added\": {}}]"
  }
},
{
  "model": "admin.logentry",
  "pk": 158,
  "fields": {
    "action_time": "2025-01-14T00:03:01.511Z",
    "user": 3,
    "content_type": 9,
    "object_id": "34",
    "object_repr": "└ы№ёЄЁюьхЁш  Ёючютр ",
    "action_flag": 1,
    "change_message": "[{\"added\": {}}]"
  }
},
{
  "model": "admin.logentry",
  "pk": 159,
  "fields": {
    "action_time": "2025-01-14T00:03:38.236Z",
    "user": 3,
    "content_type": 9,
    "object_id": "35",
    "object_repr": "└ы№ёЄЁюьхЁш  схыр ",
    "action_flag": 1,
    "change_message": "[{\"added\": {}}]"
  }
},
{
  "model": "admin.logentry",
  "pk": 160,
  "fields": {
    "action_time": "2025-01-14T00:04:27.814Z",
    "user": 3,
    "content_type": 9,
    "object_id": "36",
    "object_repr": "╧шюэ Їєъёш ",
    "action_flag": 1,
    "change_message": "[{\"added\": {}}]"
  }
},
{
  "model": "admin.logentry",
  "pk": 161,
  "fields": {
    "action_time": "2025-01-14T00:05:04.878Z",
    "user": 3,
    "content_type": 9,
    "object_id": "37",
    "object_repr": "╧шюэ ры√щ",
    "action_flag": 1,
    "change_message": "[{\"added\": {}}]"
  }
},
{
  "model": "admin.logentry",
  "pk": 162,
  "fields": {
    "action_time": "2025-01-14T00:05:46.646Z",
    "user": 3,
    "content_type": 9,
    "object_id": "38",
    "object_repr": "╧шюэ схы√щ",
    "action_flag": 1,
    "change_message": "[{\"added\": {}}]"
  }
},
{
  "model": "admin.logentry",
  "pk": 163,
  "fields": {
    "action_time": "2025-01-14T00:07:08.893Z",
    "user": 3,
    "content_type": 9,
    "object_id": "39",
    "object_repr": "┴єъхЄ ╚э№ ш ▀э",
    "action_flag": 1,
    "change_message": "[{\"added\": {}}]"
  }
},
{
  "model": "admin.logentry",
  "pk": 164,
  "fields": {
    "action_time": "2025-01-14T00:08:19.029Z",
    "user": 3,
    "content_type": 9,
    "object_id": "40",
    "object_repr": "┴єъхЄ ╬с· Єш ",
    "action_flag": 1,
    "change_message": "[{\"added\": {}}]"
  }
},
{
  "model": "admin.logentry",
  "pk": 165,
  "fields": {
    "action_time": "2025-01-14T00:09:59.282Z",
    "user": 3,
    "content_type": 9,
    "object_id": "2",
    "object_repr": "╨ючр схыр ",
    "action_flag": 2,
    "change_message": "[{\"changed\": {\"fields\": [\"\\u0414\\u043e\\u0441\\u0442\\u0443\\u043f\\u0435\\u043d \\u0434\\u043b\\u044f \\u0437\\u0430\\u043a\\u0430\\u0437\\u0430\"]}}]"
  }
},
{
  "model": "admin.logentry",
  "pk": 166,
  "fields": {
    "action_time": "2025-01-14T00:11:23.232Z",
    "user": 3,
    "content_type": 9,
    "object_id": "2",
    "object_repr": "╨ючр схыр ",
    "action_flag": 3,
    "change_message": ""
  }
},
{
  "model": "auth.permission",
  "pk": 1,
  "fields": {
    "name": "Can add log entry",
    "content_type": 1,
    "codename": "add_logentry"
  }
},
{
  "model": "auth.permission",
  "pk": 2,
  "fields": {
    "name": "Can change log entry",
    "content_type": 1,
    "codename": "change_logentry"
  }
},
{
  "model": "auth.permission",
  "pk": 3,
  "fields": {
    "name": "Can delete log entry",
    "content_type": 1,
    "codename": "delete_logentry"
  }
},
{
  "model": "auth.permission",
  "pk": 4,
  "fields": {
    "name": "Can view log entry",
    "content_type": 1,
    "codename": "view_logentry"
  }
},
{
  "model": "auth.permission",
  "pk": 5,
  "fields": {
    "name": "Can add permission",
    "content_type": 2,
    "codename": "add_permission"
  }
},
{
  "model": "auth.permission",
  "pk": 6,
  "fields": {
    "name": "Can change permission",
    "content_type": 2,
    "codename": "change_permission"
  }
},
{
  "model": "auth.permission",
  "pk": 7,
  "fields": {
    "name": "Can delete permission",
    "content_type": 2,
    "codename": "delete_permission"
  }
},
{
  "model": "auth.permission",
  "pk": 8,
  "fields": {
    "name": "Can view permission",
    "content_type": 2,
    "codename": "view_permission"
  }
},
{
  "model": "auth.permission",
  "pk": 9,
  "fields": {
    "name": "Can add group",
    "content_type": 3,
    "codename": "add_group"
  }
},
{
  "model": "auth.permission",
  "pk": 10,
  "fields": {
    "name": "Can change group",
    "content_type": 3,
    "codename": "change_group"
  }
},
{
  "model": "auth.permission",
  "pk": 11,
  "fields": {
    "name": "Can delete group",
    "content_type": 3,
    "codename": "delete_group"
  }
},
{
  "model": "auth.permission",
  "pk": 12,
  "fields": {
    "name": "Can view group",
    "content_type": 3,
    "codename": "view_group"
  }
},
{
  "model": "auth.permission",
  "pk": 13,
  "fields": {
    "name": "Can add user",
    "content_type": 4,
    "codename": "add_user"
  }
},
{
  "model": "auth.permission",
  "pk": 14,
  "fields": {
    "name": "Can change user",
    "content_type": 4,
    "codename": "change_user"
  }
},
{
  "model": "auth.permission",
  "pk": 15,
  "fields": {
    "name": "Can delete user",
    "content_type": 4,
    "codename": "delete_user"
  }
},
{
  "model": "auth.permission",
  "pk": 16,
  "fields": {
    "name": "Can view user",
    "content_type": 4,
    "codename": "view_user"
  }
},
{
  "model": "auth.permission",
  "pk": 17,
  "fields": {
    "name": "Can add content type",
    "content_type": 5,
    "codename": "add_contenttype"
  }
},
{
  "model": "auth.permission",
  "pk": 18,
  "fields": {
    "name": "Can change content type",
    "content_type": 5,
    "codename": "change_contenttype"
  }
},
{
  "model": "auth.permission",
  "pk": 19,
  "fields": {
    "name": "Can delete content type",
    "content_type": 5,
    "codename": "delete_contenttype"
  }
},
{
  "model": "auth.permission",
  "pk": 20,
  "fields": {
    "name": "Can view content type",
    "content_type": 5,
    "codename": "view_contenttype"
  }
},
{
  "model": "auth.permission",
  "pk": 21,
  "fields": {
    "name": "Can add session",
    "content_type": 6,
    "codename": "add_session"
  }
},
{
  "model": "auth.permission",
  "pk": 22,
  "fields": {
    "name": "Can change session",
    "content_type": 6,
    "codename": "change_session"
  }
},
{
  "model": "auth.permission",
  "pk": 23,
  "fields": {
    "name": "Can delete session",
    "content_type": 6,
    "codename": "delete_session"
  }
},
{
  "model": "auth.permission",
  "pk": 24,
  "fields": {
    "name": "Can view session",
    "content_type": 6,
    "codename": "view_session"
  }
},
{
  "model": "auth.permission",
  "pk": 25,
  "fields": {
    "name": "Can add ╩рЄхуюЁш ",
    "content_type": 7,
    "codename": "add_category"
  }
},
{
  "model": "auth.permission",
  "pk": 26,
  "fields": {
    "name": "Can change ╩рЄхуюЁш ",
    "content_type": 7,
    "codename": "change_category"
  }
},
{
  "model": "auth.permission",
  "pk": 27,
  "fields": {
    "name": "Can delete ╩рЄхуюЁш ",
    "content_type": 7,
    "codename": "delete_category"
  }
},
{
  "model": "auth.permission",
  "pk": 28,
  "fields": {
    "name": "Can view ╩рЄхуюЁш ",
    "content_type": 7,
    "codename": "view_category"
  }
},
{
  "model": "auth.permission",
  "pk": 29,
  "fields": {
    "name": "Can add ╟рърч",
    "content_type": 8,
    "codename": "add_order"
  }
},
{
  "model": "auth.permission",
  "pk": 30,
  "fields": {
    "name": "Can change ╟рърч",
    "content_type": 8,
    "codename": "change_order"
  }
},
{
  "model": "auth.permission",
  "pk": 31,
  "fields": {
    "name": "Can delete ╟рърч",
    "content_type": 8,
    "codename": "delete_order"
  }
},
{
  "model": "auth.permission",
  "pk": 32,
  "fields": {
    "name": "Can view ╟рърч",
    "content_type": 8,
    "codename": "view_order"
  }
},
{
  "model": "auth.permission",
  "pk": 33,
  "fields": {
    "name": "Can add ╥ютрЁ",
    "content_type": 9,
    "codename": "add_product"
  }
},
{
  "model": "auth.permission",
  "pk": 34,
  "fields": {
    "name": "Can change ╥ютрЁ",
    "content_type": 9,
    "codename": "change_product"
  }
},
{
  "model": "auth.permission",
  "pk": 35,
  "fields": {
    "name": "Can delete ╥ютрЁ",
    "content_type": 9,
    "codename": "delete_product"
  }
},
{
  "model": "auth.permission",
  "pk": 36,
  "fields": {
    "name": "Can view ╥ютрЁ",
    "content_type": 9,
    "codename": "view_product"
  }
},
{
  "model": "auth.permission",
  "pk": 37,
  "fields": {
    "name": "Can add ▌ыхьхэЄ чрърчр",
    "content_type": 10,
    "codename": "add_orderitem"
  }
},
{
  "model": "auth.permission",
  "pk": 38,
  "fields": {
    "name": "Can change ▌ыхьхэЄ чрърчр",
    "content_type": 10,
    "codename": "change_orderitem"
  }
},
{
  "model": "auth.permission",
  "pk": 39,
  "fields": {
    "name": "Can delete ▌ыхьхэЄ чрърчр",
    "content_type": 10,
    "codename": "delete_orderitem"
  }
},
{
  "model": "auth.permission",
  "pk": 40,
  "fields": {
    "name": "Can view ▌ыхьхэЄ чрърчр",
    "content_type": 10,
    "codename": "view_orderitem"
  }
},
{
  "model": "auth.permission",
  "pk": 41,
  "fields": {
    "name": "Can add ╬ЄўхЄ",
    "content_type": 11,
    "codename": "add_report"
  }
},
{
  "model": "auth.permission",
  "pk": 42,
  "fields": {
    "name": "Can change ╬ЄўхЄ",
    "content_type": 11,
    "codename": "change_report"
  }
},
{
  "model": "auth.permission",
  "pk": 43,
  "fields": {
    "name": "Can delete ╬ЄўхЄ",
    "content_type": 11,
    "codename": "delete_report"
  }
},
{
  "model": "auth.permission",
  "pk": 44,
  "fields": {
    "name": "Can view ╬ЄўхЄ",
    "content_type": 11,
    "codename": "view_report"
  }
},
{
  "model": "auth.permission",
  "pk": 45,
  "fields": {
    "name": "Can add ╧юы№чютрЄхы№",
    "content_type": 12,
    "codename": "add_user"
  }
},
{
  "model": "auth.permission",
  "pk": 46,
  "fields": {
    "name": "Can change ╧юы№чютрЄхы№",
    "content_type": 12,
    "codename": "change_user"
  }
},
{
  "model": "auth.permission",
  "pk": 47,
  "fields": {
    "name": "Can delete ╧юы№чютрЄхы№",
    "content_type": 12,
    "codename": "delete_user"
  }
},
{
  "model": "auth.permission",
  "pk": 48,
  "fields": {
    "name": "Can view ╧юы№чютрЄхы№",
    "content_type": 12,
    "codename": "view_user"
  }
},
{
  "model": "auth.permission",
  "pk": 49,
  "fields": {
    "name": "Can add ╬Єч√т",
    "content_type": 13,
    "codename": "add_review"
  }
},
{
  "model": "auth.permission",
  "pk": 50,
  "fields": {
    "name": "Can change ╬Єч√т",
    "content_type": 13,
    "codename": "change_review"
  }
},
{
  "model": "auth.permission",
  "pk": 51,
  "fields": {
    "name": "Can delete ╬Єч√т",
    "content_type": 13,
    "codename": "delete_review"
  }
},
{
  "model": "auth.permission",
  "pk": 52,
  "fields": {
    "name": "Can view ╬Єч√т",
    "content_type": 13,
    "codename": "view_review"
  }
},
{
  "model": "auth.permission",
  "pk": 53,
  "fields": {
    "name": "Can add cart item",
    "content_type": 14,
    "codename": "add_cartitem"
  }
},
{
  "model": "auth.permission",
  "pk": 54,
  "fields": {
    "name": "Can change cart item",
    "content_type": 14,
    "codename": "change_cartitem"
  }
},
{
  "model": "auth.permission",
  "pk": 55,
  "fields": {
    "name": "Can delete cart item",
    "content_type": 14,
    "codename": "delete_cartitem"
  }
},
{
  "model": "auth.permission",
  "pk": 56,
  "fields": {
    "name": "Can view cart item",
    "content_type": 14,
    "codename": "view_cartitem"
  }
},
{
  "model": "auth.permission",
  "pk": 57,
  "fields": {
    "name": "Can add cart",
    "content_type": 15,
    "codename": "add_cart"
  }
},
{
  "model": "auth.permission",
  "pk": 58,
  "fields": {
    "name": "Can change cart",
    "content_type": 15,
    "codename": "change_cart"
  }
},
{
  "model": "auth.permission",
  "pk": 59,
  "fields": {
    "name": "Can delete cart",
    "content_type": 15,
    "codename": "delete_cart"
  }
},
{
  "model": "auth.permission",
  "pk": 60,
  "fields": {
    "name": "Can view cart",
    "content_type": 15,
    "codename": "view_cart"
  }
},
{
  "model": "contenttypes.contenttype",
  "pk": 1,
  "fields": {
    "app_label": "admin",
    "model": "logentry"
  }
},
{
  "model": "contenttypes.contenttype",
  "pk": 2,
  "fields": {
    "app_label": "auth",
    "model": "permission"
  }
},
{
  "model": "contenttypes.contenttype",
  "pk": 3,
  "fields": {
    "app_label": "auth",
    "model": "group"
  }
},
{
  "model": "contenttypes.contenttype",
  "pk": 4,
  "fields": {
    "app_label": "auth",
    "model": "user"
  }
},
{
  "model": "contenttypes.contenttype",
  "pk": 5,
  "fields": {
    "app_label": "contenttypes",
    "model": "contenttype"
  }
},
{
  "model": "contenttypes.contenttype",
  "pk": 6,
  "fields": {
    "app_label": "sessions",
    "model": "session"
  }
},
{
  "model": "contenttypes.contenttype",
  "pk": 7,
  "fields": {
    "app_label": "flower_shop",
    "model": "category"
  }
},
{
  "model": "contenttypes.contenttype",
  "pk": 8,
  "fields": {
    "app_label": "flower_shop",
    "model": "order"
  }
},
{
  "model": "contenttypes.contenttype",
  "pk": 9,
  "fields": {
    "app_label": "flower_shop",
    "model": "product"
  }
},
{
  "model": "contenttypes.contenttype",
  "pk": 10,
  "fields": {
    "app_label": "flower_shop",
    "model": "orderitem"
  }
},
{
  "model": "contenttypes.contenttype",
  "pk": 11,
  "fields": {
    "app_label": "flower_shop",
    "model": "report"
  }
},
{
  "model": "contenttypes.contenttype",
  "pk": 12,
  "fields": {
    "app_label": "flower_shop",
    "model": "user"
  }
},
{
  "model": "contenttypes.contenttype",
  "pk": 13,
  "fields": {
    "app_label": "flower_shop",
    "model": "review"
  }
},
{
  "model": "contenttypes.contenttype",
  "pk": 14,
  "fields": {
    "app_label": "flower_shop",
    "model": "cartitem"
  }
},
{
  "model": "contenttypes.contenttype",
  "pk": 15,
  "fields": {
    "app_label": "flower_shop",
    "model": "cart"
  }
},
{
  "model": "sessions.session",
  "pk": "2lc9sxbu1utseqet4qnhma6b1263ch8r",
  "fields": {
    "session_data": ".eJxVjMEOwiAQRP-FsyGlLC149N5vILsLSNVAUtqT8d9tkx70OPPezFt43NbstxYXPwdxFVpcfjtCfsZygPDAcq-Sa1mXmeShyJM2OdUQX7fT_TvI2PK-duBSshjYjZaMVpZ7R4aAyRlOoAKAIqQ4EFnmDvQe2CUwg-l47LX4fAEBjDiY:1tWGPN:4_zfDPlthuGd8NpIcvAu_sSOUd7YMEqUABxjieIV6Sc",
    "expire_date": "2025-01-24T14:54:45.583Z"
  }
},
{
  "model": "sessions.session",
  "pk": "bzjv3xey9vu6qlcpoc2n787l8x0x97v9",
  "fields": {
    "session_data": ".eJxVy8EKwjAQhOF3yVlKkg1p4lHwOcJuOiHFasW0eBDf3Qo96PWb-V8q8brUtDY80jiooyJ1-DXhfMHtO5Rpfm7Q6nzvdm3d-crjdNo_f2HlVrdKOzHaxgEMndlYCxokeueKRqBCgMuUiYMlhi_ieioRRtCLZ4Og3h8ddTXe:1tX53K:bnlNeDQGS5vGeE_pygf_qkJ7Y_lZX1YLxpVD2wI0MQA",
    "expire_date": "2025-01-26T20:59:22.792Z"
  }
},
{
  "model": "sessions.session",
  "pk": "qaa57spuxgzqi60xox61xyf3i2xc7002",
  "fields": {
    "session_data": ".eJxVjDsOwjAQBe_iGln-rD-hpM8ZrLW9wQFkS3FSIe5OIqWAdmbee7OA21rC1mkJc2ZXJtnll0VMT6qHyA-s98ZTq-syR34k_LSdjy3T63a2fwcFe9nXOmUnjdCDiJMCoyhakwlstCBISj2p5HZKBFIp78GDIy3IoB6A0AL7fAHIFDcL:1tXUZf:AsqYZg5l0Y2o_H702z8B1OfL9VFJaLaltg0Z10K8e-M",
    "expire_date": "2025-01-28T00:14:27.035Z"
  }
},
{
  "model": "flower_shop.user",
  "pk": 1,
  "fields": {
    "password": "pbkdf2_sha256$870000$waHo75ArSZCJUuQmYvswua$a+Q8b33XArV4uDhKmRZTbmO5A69f7b8H201gJso7QD4=",
    "last_login": "2025-01-14T00:14:27.008Z",
    "is_superuser": false,
    "username": "alexkoch",
    "first_name": "",
    "last_name": "",
    "email": "alexkoch@rambler.ru",
    "is_staff": false,
    "is_active": true,
    "date_joined": "2025-01-10T16:45:42.341Z",
    "phone": null,
    "address": null,
    "telegram_id": "397906696",
    "link_code": null,
    "admin_secret_code": null,
    "groups": [],
    "user_permissions": []
  }
},
{
  "model": "flower_shop.user",
  "pk": 2,
  "fields": {
    "password": "pbkdf2_sha256$870000$81UVYzA3B3PAZv8XVnTkXR$v+20mAZtVbpXdIcUVu4NPr5fg6Qkk0AfVjLSVg3UanM=",
    "last_login": "2025-01-10T16:53:52.951Z",
    "is_superuser": false,
    "username": "karas",
    "first_name": "",
    "last_name": "",
    "email": "karas@mail.ru",
    "is_staff": false,
    "is_active": true,
    "date_joined": "2025-01-10T16:53:52.216Z",
    "phone": null,
    "address": null,
    "telegram_id": null,
    "link_code": null,
    "admin_secret_code": null,
    "groups": [],
    "user_permissions": []
  }
},
{
  "model": "flower_shop.user",
  "pk": 3,
  "fields": {
    "password": "pbkdf2_sha256$870000$VYT8FMeRI8yjWqNaGPRVy2$4iz8TVfdvTDnqrIgR5/E+wREQJ8b0FMaTVcCT1ZdsGs=",
    "last_login": "2025-01-13T23:07:51.476Z",
    "is_superuser": true,
    "username": "admin",
    "first_name": "",
    "last_name": "",
    "email": "admin@admin.ru",
    "is_staff": true,
    "is_active": true,
    "date_joined": "2025-01-10T23:24:08.661Z",
    "phone": null,
    "address": null,
    "telegram_id": "1037985649",
    "link_code": null,
    "admin_secret_code": null,
    "groups": [],
    "user_permissions": []
  }
},
{
  "model": "flower_shop.category",
  "pk": 1,
  "fields": {
    "name": "╨╬╟█",
    "slug": "rozy",
    "description": "╩Ёрёшт√х Ёюч√",
    "image": "categories/photo_2025-01-08_19-43-31_4.jpg"
  }
},
{
  "model": "flower_shop.category",
  "pk": 2,
  "fields": {
    "name": "╥▐╦▄╧└═",
    "slug": "tyulpany",
    "description": "╩Ёрёшт√х Є■ы№ярэ√",
    "image": "categories/photo_2025-01-08_19-59-34_2.jpg"
  }
},
{
  "model": "flower_shop.category",
  "pk": 3,
  "fields": {
    "name": "┴╙╩┼╥█",
    "slug": "bukety",
    "description": "╩Ёрёшт√х сєъхЄ√",
    "image": "categories/5ocmzbv03lzdb7hf61awv6lrp9ktu63u.webp"
  }
},
{
  "model": "flower_shop.category",
  "pk": 4,
  "fields": {
    "name": "├┬╬╟─╚╩╚",
    "slug": "gvozdiki",
    "description": "├┬╬╟─╚╩╚",
    "image": "categories/photo_2025-01-08_19-25-25_2.jpg"
  }
},
{
  "model": "flower_shop.category",
  "pk": 5,
  "fields": {
    "name": "╨╬╟└ ╩╙╤╥╬┬└▀",
    "slug": "roza-kustovaya",
    "description": "╨╬╟└ ╩╙╤╥╬┬└▀",
    "image": "categories/photo_2025-01-08_19-50-35.jpg"
  }
},
{
  "model": "flower_shop.category",
  "pk": 6,
  "fields": {
    "name": "╨└═╙═╩╙╦▐╤",
    "slug": "ranunkulyus",
    "description": "╨└═╙═╩╙╦▐╤",
    "image": "categories/photo_2025-01-08_19-54-36_4.jpg"
  }
},
{
  "model": "flower_shop.category",
  "pk": 7,
  "fields": {
    "name": "╒╨╚╟└═╥┼╠└",
    "slug": "hrizantema",
    "description": "╒╨╚╟└═╥┼╠└",
    "image": "categories/photo_2025-01-08_20-06-26_3.jpg"
  }
},
{
  "model": "flower_shop.category",
  "pk": 8,
  "fields": {
    "name": "└╦▄╤╥╨╬╠┼╨╚▀",
    "slug": "alstromeriya",
    "description": "└╦▄╤╥╨╬╠┼╨╚▀",
    "image": "categories/photo_2025-01-08_20-14-19_2.jpg"
  }
},
{
  "model": "flower_shop.category",
  "pk": 9,
  "fields": {
    "name": "╧╚╬═",
    "slug": "pion",
    "description": "╧╚╬═",
    "image": "categories/photo_2025-01-08_20-18-01_2.jpg"
  }
},
{
  "model": "flower_shop.product",
  "pk": 1,
  "fields": {
    "name": "╨ючр ъЁрёэр ",
    "price": "95.00",
    "image": "products/photo_2025-01-08_19-43-31.jpg",
    "category": 1,
    "description": "╨ючр ъЁрёэр ",
    "available": true
  }
},
{
  "model": "flower_shop.product",
  "pk": 3,
  "fields": {
    "name": "╥■ы№ярэ√ схы√х",
    "price": "111.00",
    "image": "products/nq5t1n3d7t4gx6fgy7817itr4icpp7or.webp",
    "category": 2,
    "description": "╥■ы№ярэ√ схы√х",
    "available": true
  }
},
{
  "model": "flower_shop.product",
  "pk": 4,
  "fields": {
    "name": "┴єъхЄ ╫хЁэшўэ√щ яшЁюу",
    "price": "4024.00",
    "image": "products/5ocmzbv03lzdb7hf61awv6lrp9ktu63u.webp",
    "category": 3,
    "description": "┴єъхЄ ╫хЁэшўэ√щ яшЁюу",
    "available": true
  }
},
{
  "model": "flower_shop.product",
  "pk": 5,
  "fields": {
    "name": "├тючфшър ЇшюыхЄютр ",
    "price": "65.00",
    "image": "products/photo_2025-01-08_19-25-24.jpg",
    "category": 4,
    "description": "├тючфшър ЇшюыхЄютр ",
    "available": true
  }
},
{
  "model": "flower_shop.product",
  "pk": 6,
  "fields": {
    "name": "├тючфшър ыюёюёхтр ",
    "price": "85.00",
    "image": "products/photo_2025-01-08_19-25-24_2.jpg",
    "category": 4,
    "description": "├тючфшър ыюёюёхтр ",
    "available": true
  }
},
{
  "model": "flower_shop.product",
  "pk": 7,
  "fields": {
    "name": "├тючфшър цхыЄр ",
    "price": "70.00",
    "image": "products/photo_2025-01-08_19-25-24_4.jpg",
    "category": 4,
    "description": "├тючфшър цхыЄр ",
    "available": true
  }
},
{
  "model": "flower_shop.product",
  "pk": 8,
  "fields": {
    "name": "├тючфшър сыхфэю-ц╕ыЄр ",
    "price": "60.00",
    "image": "products/photo_2025-01-08_19-25-24_3.jpg",
    "category": 4,
    "description": "├тючфшър сыхфэю-ц╕ыЄр ",
    "available": true
  }
},
{
  "model": "flower_shop.product",
  "pk": 9,
  "fields": {
    "name": "├тючфшър схыр ",
    "price": "75.00",
    "image": "products/photo_2025-01-08_19-25-24_5.jpg",
    "category": 4,
    "description": "├тючфшър схыр ",
    "available": true
  }
},
{
  "model": "flower_shop.product",
  "pk": 10,
  "fields": {
    "name": "├тючфшър Ёючютр ",
    "price": "69.00",
    "image": "products/photo_2025-01-08_19-25-24_6.jpg",
    "category": 4,
    "description": "├тючфшър Ёючютр ",
    "available": true
  }
},
{
  "model": "flower_shop.product",
  "pk": 11,
  "fields": {
    "name": "├тючфшър рыр ",
    "price": "80.00",
    "image": "products/photo_2025-01-08_19-25-25_2.jpg",
    "category": 4,
    "description": "├тючфшър рыр ",
    "available": true
  }
},
{
  "model": "flower_shop.product",
  "pk": 12,
  "fields": {
    "name": "├тючфшър Їєъёш ",
    "price": "74.00",
    "image": "products/photo_2025-01-08_19-25-25.jpg",
    "category": 4,
    "description": "├тючфшър Їєъёш ",
    "available": true
  }
},
{
  "model": "flower_shop.product",
  "pk": 13,
  "fields": {
    "name": "├тючфшър ъЁрёэр ",
    "price": "77.00",
    "image": "products/photo_2025-01-08_19-25-25_2_nQG3u77.jpg",
    "category": 4,
    "description": "├тючфшър ъЁрёэр ",
    "available": true
  }
},
{
  "model": "flower_shop.product",
  "pk": 14,
  "fields": {
    "name": "╨ючр Єхьэю-Ёючютр ",
    "price": "111.00",
    "image": "products/photo_2025-01-08_19-43-31_2.jpg",
    "category": 1,
    "description": "╨ючр Єхьэю-Ёючютр ",
    "available": true
  }
},
{
  "model": "flower_shop.product",
  "pk": 15,
  "fields": {
    "name": "╨ючр юЁрэцхтр ",
    "price": "98.00",
    "image": "products/photo_2025-01-08_19-43-31_3.jpg",
    "category": 1,
    "description": "╨ючр юЁрэцхтр ",
    "available": true
  }
},
{
  "model": "flower_shop.product",
  "pk": 16,
  "fields": {
    "name": "╨ючр рыр ",
    "price": "114.00",
    "image": "products/photo_2025-01-08_19-43-31_4.jpg",
    "category": 1,
    "description": "╨ючр рыр ",
    "available": true
  }
},
{
  "model": "flower_shop.product",
  "pk": 17,
  "fields": {
    "name": "╨ючр схыю-Ёючютр ",
    "price": "105.00",
    "image": "products/photo_2025-01-08_19-44-38.jpg",
    "category": 1,
    "description": "╨ючр схыю-Ёючютр ",
    "available": true
  }
},
{
  "model": "flower_shop.product",
  "pk": 18,
  "fields": {
    "name": "╨ючр Їєъёш ",
    "price": "99.00",
    "image": "products/photo_2025-01-08_19-43-32.jpg",
    "category": 1,
    "description": "╨ючр Їєъёш ",
    "available": true
  }
},
{
  "model": "flower_shop.product",
  "pk": 19,
  "fields": {
    "name": "╨ючр ц╕ыЄр ",
    "price": "108.00",
    "image": "products/photo_2025-01-08_19-43-32_2.jpg",
    "category": 1,
    "description": "╨ючр ц╕ыЄр ",
    "available": true
  }
},
{
  "model": "flower_shop.product",
  "pk": 20,
  "fields": {
    "name": "╨ючр сыхфэю-цхыЄр ",
    "price": "115.00",
    "image": "products/photo_2025-01-08_19-43-32_3.jpg",
    "category": 1,
    "description": "╨ючр сыхфэю-цхыЄр ",
    "available": true
  }
},
{
  "model": "flower_shop.product",
  "pk": 21,
  "fields": {
    "name": "╨ючр ъєёЄютр   рыр ",
    "price": "120.00",
    "image": "products/photo_2025-01-08_19-50-33.jpg",
    "category": 5,
    "description": "╨ючр ъєёЄютр   рыр ",
    "available": true
  }
},
{
  "model": "flower_shop.product",
  "pk": 22,
  "fields": {
    "name": "╨ючр ъєёЄютр  яхЁёшъютр ",
    "price": "118.00",
    "image": "products/photo_2025-01-08_19-50-34_2.jpg",
    "category": 5,
    "description": "╨ючр ъєёЄютр  яхЁёшъютр ",
    "available": true
  }
},
{
  "model": "flower_shop.product",
  "pk": 23,
  "fields": {
    "name": "╨ючр ъєёЄютр  Ёючютр ",
    "price": "116.00",
    "image": "products/photo_2025-01-08_19-50-34.jpg",
    "category": 5,
    "description": "╨ючр ъєёЄютр  Ёючютр ",
    "available": true
  }
},
{
  "model": "flower_shop.product",
  "pk": 24,
  "fields": {
    "name": "╨рэєэъєы■ё схы√щ",
    "price": "125.00",
    "image": "products/photo_2025-01-08_19-54-35.jpg",
    "category": 6,
    "description": "╨рэєэъєы■ё схы√щ",
    "available": true
  }
},
{
  "model": "flower_shop.product",
  "pk": 25,
  "fields": {
    "name": "╨рэєэъєы■ё Їєъёш ",
    "price": "130.00",
    "image": "products/photo_2025-01-08_19-54-35_2.jpg",
    "category": 6,
    "description": "╨рэєэъєы■ё Їєъёш ",
    "available": true
  }
},
{
  "model": "flower_shop.product",
  "pk": 26,
  "fields": {
    "name": "╨рэєэъєы■ё ры√щ",
    "price": "129.00",
    "image": "products/photo_2025-01-08_19-54-36_4.jpg",
    "category": 6,
    "description": "╨рэєэъєы■ё ры√щ",
    "available": true
  }
},
{
  "model": "flower_shop.product",
  "pk": 27,
  "fields": {
    "name": "╥■ы№ярэ ъЁрёэ√щ ё цхыЄ√ь",
    "price": "69.00",
    "image": "products/photo_2025-01-08_19-59-33.jpg",
    "category": 2,
    "description": "╥■ы№ярэ ъЁрёэ√щ ё цхыЄ√ь",
    "available": true
  }
},
{
  "model": "flower_shop.product",
  "pk": 28,
  "fields": {
    "name": "╥■ы№ярэ схы√щ",
    "price": "128.00",
    "image": "products/photo_2025-01-08_19-59-34_2.jpg",
    "category": 2,
    "description": "╥■ы№ярэ схы√щ",
    "available": true
  }
},
{
  "model": "flower_shop.product",
  "pk": 29,
  "fields": {
    "name": "╥■ы№ярэ ёшэшщ",
    "price": "131.00",
    "image": "products/photo_2025-01-08_19-59-33_3.jpg",
    "category": 2,
    "description": "╥■ы№ярэ ёшэшщ",
    "available": true
  }
},
{
  "model": "flower_shop.product",
  "pk": 30,
  "fields": {
    "name": "╒ЁшчрэЄхьр Ёючютр ",
    "price": "80.00",
    "image": "products/photo_2025-01-08_20-06-25_3.jpg",
    "category": 7,
    "description": "╒ЁшчрэЄхьр Ёючютр ",
    "available": true
  }
},
{
  "model": "flower_shop.product",
  "pk": 31,
  "fields": {
    "name": "╒ЁшчрэЄхьр ышыютр  ьрїЁютр ",
    "price": "132.00",
    "image": "products/photo_2025-01-08_20-06-25_4.jpg",
    "category": 7,
    "description": "╒ЁшчрэЄхьр ышыютр  ьрїЁютр ",
    "available": true
  }
},
{
  "model": "flower_shop.product",
  "pk": 32,
  "fields": {
    "name": "╒ЁшчрэЄхьр ышьюээр  ьрїЁютр ",
    "price": "133.00",
    "image": "products/photo_2025-01-08_20-06-26_3.jpg",
    "category": 7,
    "description": "╒ЁшчрэЄхьр ышьюээр  ьрїЁютр ",
    "available": true
  }
},
{
  "model": "flower_shop.product",
  "pk": 33,
  "fields": {
    "name": "└ы№ёЄЁюьхЁш  рыр ",
    "price": "95.00",
    "image": "products/photo_2025-01-08_20-14-18.jpg",
    "category": 8,
    "description": "└ы№ёЄЁюьхЁш  рыр ",
    "available": true
  }
},
{
  "model": "flower_shop.product",
  "pk": 34,
  "fields": {
    "name": "└ы№ёЄЁюьхЁш  Ёючютр ",
    "price": "99.00",
    "image": "products/photo_2025-01-08_20-14-18_3.jpg",
    "category": 8,
    "description": "└ы№ёЄЁюьхЁш  Ёючютр ",
    "available": true
  }
},
{
  "model": "flower_shop.product",
  "pk": 35,
  "fields": {
    "name": "└ы№ёЄЁюьхЁш  схыр ",
    "price": "98.00",
    "image": "products/photo_2025-01-08_20-14-19_2.jpg",
    "category": 8,
    "description": "└ы№ёЄЁюьхЁш  схыр ",
    "available": true
  }
},
{
  "model": "flower_shop.product",
  "pk": 36,
  "fields": {
    "name": "╧шюэ Їєъёш ",
    "price": "88.00",
    "image": "products/photo_2025-01-08_20-18-01.jpg",
    "category": 9,
    "description": "╧шюэ Їєъёш ",
    "available": true
  }
},
{
  "model": "flower_shop.product",
  "pk": 37,
  "fields": {
    "name": "╧шюэ ры√щ",
    "price": "88.00",
    "image": "products/photo_2025-01-08_20-18-01_2.jpg",
    "category": 9,
    "description": "╧шюэ ры√щ",
    "available": true
  }
},
{
  "model": "flower_shop.product",
  "pk": 38,
  "fields": {
    "name": "╧шюэ схы√щ",
    "price": "87.00",
    "image": "products/photo_2025-01-08_20-18-02.jpg",
    "category": 9,
    "description": "╧шюэ схы√щ",
    "available": true
  }
},
{
  "model": "flower_shop.product",
  "pk": 39,
  "fields": {
    "name": "┴єъхЄ ╚э№ ш ▀э",
    "price": "3890.00",
    "image": "products/photo_2025-01-08_20-23-57.jpg",
    "category": 3,
    "description": "┴єъхЄ ╚э№ ш ▀э",
    "available": true
  }
},
{
  "model": "flower_shop.product",
  "pk": 40,
  "fields": {
    "name": "┴єъхЄ ╬с· Єш ",
    "price": "4044.00",
    "image": "products/photo_2025-01-08_20-23-59.jpg",
    "category": 3,
    "description": "┴єъхЄ ╬с· Єш ",
    "available": true
  }
},
{
  "model": "flower_shop.cart",
  "pk": 1,
  "fields": {
    "user": 2,
    "created_at": "2025-01-10T16:57:33.629Z"
  }
},
{
  "model": "flower_shop.cart",
  "pk": 2,
  "fields": {
    "user": 3,
    "created_at": "2025-01-10T23:29:09.140Z"
  }
},
{
  "model": "flower_shop.cart",
  "pk": 3,
  "fields": {
    "user": 1,
    "created_at": "2025-01-11T23:20:31.848Z"
  }
},
{
  "model": "flower_shop.order",
  "pk": 101,
  "fields": {
    "user": 1,
    "status": "completed",
    "created_at": "2025-01-13T23:06:58.745Z",
    "name": "alexkoch",
    "phone": "+79991237567",
    "address": "╤рьют√тюч",
    "delivery_time": "2025-01-14T09:00:00Z",
    "comment": "▀ ы■сы■ ╦хяхёЄюъ"
  }
},
{
  "model": "flower_shop.order",
  "pk": 102,
  "fields": {
    "user": 3,
    "status": "accepted",
    "created_at": "2025-01-14T00:11:39.957Z",
    "name": "admin",
    "phone": "+79991237567",
    "address": "╤рьют√тюч",
    "delivery_time": "2025-01-15T09:00:00Z",
    "comment": "▀ ы■сы■ ╦хяхёЄюъ"
  }
},
{
  "model": "flower_shop.order",
  "pk": 103,
  "fields": {
    "user": 3,
    "status": "accepted",
    "created_at": "2025-01-14T00:13:13.083Z",
    "name": "admin",
    "phone": "+79991237567",
    "address": "╤рьют√тюч",
    "delivery_time": "2025-01-15T09:00:00Z",
    "comment": "▀ ы■сы■ ╦хяхёЄюъ"
  }
},
{
  "model": "flower_shop.order",
  "pk": 104,
  "fields": {
    "user": 1,
    "status": "accepted",
    "created_at": "2025-01-14T00:14:39.141Z",
    "name": "alexkoch",
    "phone": "+79991237567",
    "address": "╤рьют√тюч",
    "delivery_time": "2025-01-15T09:00:00Z",
    "comment": "▀ ы■сы■ ╦хяхёЄюъ"
  }
},
{
  "model": "flower_shop.orderitem",
  "pk": 111,
  "fields": {
    "order": 101,
    "product": 4,
    "quantity": 1
  }
},
{
  "model": "flower_shop.orderitem",
  "pk": 112,
  "fields": {
    "order": 102,
    "product": 16,
    "quantity": 1
  }
},
{
  "model": "flower_shop.orderitem",
  "pk": 113,
  "fields": {
    "order": 103,
    "product": 27,
    "quantity": 1
  }
},
{
  "model": "flower_shop.orderitem",
  "pk": 114,
  "fields": {
    "order": 104,
    "product": 26,
    "quantity": 1
  }
},
{
  "model": "flower_shop.review",
  "pk": 2,
  "fields": {
    "user": 1,
    "product": 4,
    "text": "╧ЁхъЁрэ√щ сєъхЄ!",
    "rating": 5,
    "created_at": "2025-01-12T00:34:10.468Z"
  }
},
{
  "model": "flower_shop.report",
  "pk": 1,
  "fields": {
    "date": "2025-01-12",
    "total_orders": 6,
    "total_revenue": "12757.00",
    "period_start": "2025-01-12",
    "period_end": "2025-01-12"
  }
},
{
  "model": "flower_shop.report",
  "pk": 2,
  "fields": {
    "date": "2025-01-12",
    "total_orders": 17,
    "total_revenue": "14125.00",
    "period_start": "2025-01-01",
    "period_end": "2025-01-12"
  }
},
{
  "model": "flower_shop.report",
  "pk": 3,
  "fields": {
    "date": "2025-01-12",
    "total_orders": 17,
    "total_revenue": "14125.00",
    "period_start": "2025-01-01",
    "period_end": "2025-01-12"
  }
},
{
  "model": "flower_shop.report",
  "pk": 4,
  "fields": {
    "date": "2025-01-12",
    "total_orders": 6,
    "total_revenue": "12757.00",
    "period_start": "2025-01-12",
    "period_end": "2025-01-12"
  }
},
{
  "model": "flower_shop.report",
  "pk": 5,
  "fields": {
    "date": "2025-01-12",
    "total_orders": 17,
    "total_revenue": "14125.00",
    "period_start": "2025-01-01",
    "period_end": "2025-01-12"
  }
},
{
  "model": "flower_shop.report",
  "pk": 6,
  "fields": {
    "date": "2025-01-12",
    "total_orders": 17,
    "total_revenue": "14125.00",
    "period_start": "2025-01-01",
    "period_end": "2025-01-12"
  }
},
{
  "model": "flower_shop.report",
  "pk": 7,
  "fields": {
    "date": "2025-01-12",
    "total_orders": 17,
    "total_revenue": "14125.00",
    "period_start": "2025-01-01",
    "period_end": "2025-01-12"
  }
},
{
  "model": "flower_shop.report",
  "pk": 8,
  "fields": {
    "date": "2025-01-12",
    "total_orders": 17,
    "total_revenue": "14125.00",
    "period_start": "2025-01-01",
    "period_end": "2025-01-12"
  }
},
{
  "model": "flower_shop.report",
  "pk": 9,
  "fields": {
    "date": "2025-01-12",
    "total_orders": 6,
    "total_revenue": "12757.00",
    "period_start": "2025-01-12",
    "period_end": "2025-01-12"
  }
},
{
  "model": "flower_shop.report",
  "pk": 10,
  "fields": {
    "date": "2025-01-12",
    "total_orders": 6,
    "total_revenue": "12757.00",
    "period_start": "2025-01-12",
    "period_end": "2025-01-12"
  }
},
{
  "model": "flower_shop.report",
  "pk": 11,
  "fields": {
    "date": "2025-01-12",
    "total_orders": 17,
    "total_revenue": "14125.00",
    "period_start": "2025-01-01",
    "period_end": "2025-01-12"
  }
},
{
  "model": "flower_shop.report",
  "pk": 12,
  "fields": {
    "date": "2025-01-13",
    "total_orders": 15,
    "total_revenue": "21799.00",
    "period_start": "2025-01-12",
    "period_end": "2025-01-12"
  }
},
{
  "model": "flower_shop.report",
  "pk": 13,
  "fields": {
    "date": "2025-01-13",
    "total_orders": 74,
    "total_revenue": "99972.00",
    "period_start": "2025-01-13",
    "period_end": "2025-01-13"
  }
}
]
